--
-- PostgreSQL database dump
--

-- Dumped from database version 16.8
-- Dumped by pg_dump version 16.4

-- Started on 2025-03-29 20:18:53

SET statement_timeout = 0;
SET lock_timeout = 0;
SET idle_in_transaction_session_timeout = 0;
SET client_encoding = 'UTF8';
SET standard_conforming_strings = on;
SELECT pg_catalog.set_config('search_path', '', false);
SET check_function_bodies = false;
SET xmloption = content;
SET client_min_messages = warning;
SET row_security = off;

DROP DATABASE IF EXISTS blindboxsystem;
--
-- TOC entry 4744 (class 1262 OID 16431)
-- Name: blindboxsystem; Type: DATABASE; Schema: -; Owner: -
--

CREATE DATABASE blindboxsystem WITH TEMPLATE = template0 ENCODING = 'UTF8' LOCALE_PROVIDER = libc LOCALE = 'en_US.UTF-8';


\connect blindboxsystem

SET statement_timeout = 0;
SET lock_timeout = 0;
SET idle_in_transaction_session_timeout = 0;
SET client_encoding = 'UTF8';
SET standard_conforming_strings = on;
SELECT pg_catalog.set_config('search_path', '', false);
SET check_function_bodies = false;
SET xmloption = content;
SET client_min_messages = warning;
SET row_security = off;

--
-- TOC entry 234 (class 1259 OID 16561)
-- Name: Addresses; Type: TABLE; Schema: public; Owner: -
--

CREATE TABLE public."Addresses" (
    "AddressId" integer NOT NULL,
    "Province" text NOT NULL,
    "District" text NOT NULL,
    "Ward" text NOT NULL,
    "AddressDetail" text,
    "UserId" integer NOT NULL,
    "Name" text,
    "PhoneNumber" text,
    "DistrictId" integer DEFAULT 0 NOT NULL,
    "Note" text,
    "ProvinceId" integer DEFAULT 0 NOT NULL,
    "WardCode" integer DEFAULT 0 NOT NULL
);


--
-- TOC entry 233 (class 1259 OID 16560)
-- Name: Addresses_AddressId_seq; Type: SEQUENCE; Schema: public; Owner: -
--

ALTER TABLE public."Addresses" ALTER COLUMN "AddressId" ADD GENERATED BY DEFAULT AS IDENTITY (
    SEQUENCE NAME public."Addresses_AddressId_seq"
    START WITH 1
    INCREMENT BY 1
    NO MINVALUE
    NO MAXVALUE
    CACHE 1
);


--
-- TOC entry 249 (class 1259 OID 16764)
-- Name: AspNetRoleClaims; Type: TABLE; Schema: public; Owner: -
--

CREATE TABLE public."AspNetRoleClaims" (
    "Id" integer NOT NULL,
    "RoleId" text NOT NULL,
    "ClaimType" text,
    "ClaimValue" text
);


--
-- TOC entry 248 (class 1259 OID 16763)
-- Name: AspNetRoleClaims_Id_seq; Type: SEQUENCE; Schema: public; Owner: -
--

ALTER TABLE public."AspNetRoleClaims" ALTER COLUMN "Id" ADD GENERATED BY DEFAULT AS IDENTITY (
    SEQUENCE NAME public."AspNetRoleClaims_Id_seq"
    START WITH 1
    INCREMENT BY 1
    NO MINVALUE
    NO MAXVALUE
    CACHE 1
);


--
-- TOC entry 246 (class 1259 OID 16749)
-- Name: AspNetRoles; Type: TABLE; Schema: public; Owner: -
--

CREATE TABLE public."AspNetRoles" (
    "Id" text NOT NULL,
    "Name" character varying(256),
    "NormalizedName" character varying(256),
    "ConcurrencyStamp" text
);


--
-- TOC entry 251 (class 1259 OID 16777)
-- Name: AspNetUserClaims; Type: TABLE; Schema: public; Owner: -
--

CREATE TABLE public."AspNetUserClaims" (
    "Id" integer NOT NULL,
    "UserId" text NOT NULL,
    "ClaimType" text,
    "ClaimValue" text
);


--
-- TOC entry 250 (class 1259 OID 16776)
-- Name: AspNetUserClaims_Id_seq; Type: SEQUENCE; Schema: public; Owner: -
--

ALTER TABLE public."AspNetUserClaims" ALTER COLUMN "Id" ADD GENERATED BY DEFAULT AS IDENTITY (
    SEQUENCE NAME public."AspNetUserClaims_Id_seq"
    START WITH 1
    INCREMENT BY 1
    NO MINVALUE
    NO MAXVALUE
    CACHE 1
);


--
-- TOC entry 252 (class 1259 OID 16789)
-- Name: AspNetUserLogins; Type: TABLE; Schema: public; Owner: -
--

CREATE TABLE public."AspNetUserLogins" (
    "LoginProvider" text NOT NULL,
    "ProviderKey" text NOT NULL,
    "ProviderDisplayName" text,
    "UserId" text NOT NULL
);


--
-- TOC entry 253 (class 1259 OID 16801)
-- Name: AspNetUserRoles; Type: TABLE; Schema: public; Owner: -
--

CREATE TABLE public."AspNetUserRoles" (
    "UserId" text NOT NULL,
    "RoleId" text NOT NULL
);


--
-- TOC entry 254 (class 1259 OID 16818)
-- Name: AspNetUserTokens; Type: TABLE; Schema: public; Owner: -
--

CREATE TABLE public."AspNetUserTokens" (
    "UserId" text NOT NULL,
    "LoginProvider" text NOT NULL,
    "Name" text NOT NULL,
    "Value" text
);


--
-- TOC entry 247 (class 1259 OID 16756)
-- Name: AspNetUsers; Type: TABLE; Schema: public; Owner: -
--

CREATE TABLE public."AspNetUsers" (
    "Id" text NOT NULL,
    "UserName" character varying(256),
    "NormalizedUserName" character varying(256),
    "Email" character varying(256),
    "NormalizedEmail" character varying(256),
    "EmailConfirmed" boolean NOT NULL,
    "PasswordHash" text,
    "SecurityStamp" text,
    "ConcurrencyStamp" text,
    "PhoneNumber" text,
    "PhoneNumberConfirmed" boolean NOT NULL,
    "TwoFactorEnabled" boolean NOT NULL,
    "LockoutEnd" timestamp with time zone,
    "LockoutEnabled" boolean NOT NULL,
    "AccessFailedCount" integer NOT NULL,
    "FullName" text DEFAULT ''::text NOT NULL,
    "IsActive" boolean DEFAULT false NOT NULL,
    "Password" text DEFAULT ''::text NOT NULL
);


--
-- TOC entry 236 (class 1259 OID 16574)
-- Name: BlogPosts; Type: TABLE; Schema: public; Owner: -
--

CREATE TABLE public."BlogPosts" (
    "BlogPostId" integer NOT NULL,
    "BlogPostTitle" text NOT NULL,
    "BlogPostContent" text NOT NULL,
    "BlogPostImage" text NOT NULL,
    "UserId" integer NOT NULL,
    "BlogCreatedDate" timestamp with time zone DEFAULT '-infinity'::timestamp with time zone NOT NULL
);


--
-- TOC entry 235 (class 1259 OID 16573)
-- Name: BlogPosts_BlogPostId_seq; Type: SEQUENCE; Schema: public; Owner: -
--

ALTER TABLE public."BlogPosts" ALTER COLUMN "BlogPostId" ADD GENERATED BY DEFAULT AS IDENTITY (
    SEQUENCE NAME public."BlogPosts_BlogPostId_seq"
    START WITH 1
    INCREMENT BY 1
    NO MINVALUE
    NO MAXVALUE
    CACHE 1
);


--
-- TOC entry 229 (class 1259 OID 16504)
-- Name: BoxImages; Type: TABLE; Schema: public; Owner: -
--

CREATE TABLE public."BoxImages" (
    "BoxImageId" integer NOT NULL,
    "BoxImageUrl" text NOT NULL,
    "BoxId" integer NOT NULL
);


--
-- TOC entry 228 (class 1259 OID 16503)
-- Name: BoxImages_BoxImageId_seq; Type: SEQUENCE; Schema: public; Owner: -
--

ALTER TABLE public."BoxImages" ALTER COLUMN "BoxImageId" ADD GENERATED BY DEFAULT AS IDENTITY (
    SEQUENCE NAME public."BoxImages_BoxImageId_seq"
    START WITH 1
    INCREMENT BY 1
    NO MINVALUE
    NO MAXVALUE
    CACHE 1
);


--
-- TOC entry 231 (class 1259 OID 16517)
-- Name: BoxItems; Type: TABLE; Schema: public; Owner: -
--

CREATE TABLE public."BoxItems" (
    "BoxItemId" integer NOT NULL,
    "BoxItemName" text NOT NULL,
    "BoxItemDescription" text NOT NULL,
    "BoxItemEyes" text NOT NULL,
    "BoxItemColor" text NOT NULL,
    "AverageRating" real NOT NULL,
    "BoxId" integer NOT NULL,
    "ImageUrl" text NOT NULL,
    "NumOfVote" integer NOT NULL,
    "IsSecret" boolean NOT NULL
);


--
-- TOC entry 230 (class 1259 OID 16516)
-- Name: BoxItems_BoxItemId_seq; Type: SEQUENCE; Schema: public; Owner: -
--

ALTER TABLE public."BoxItems" ALTER COLUMN "BoxItemId" ADD GENERATED BY DEFAULT AS IDENTITY (
    SEQUENCE NAME public."BoxItems_BoxItemId_seq"
    START WITH 1
    INCREMENT BY 1
    NO MINVALUE
    NO MAXVALUE
    CACHE 1
);


--
-- TOC entry 256 (class 1259 OID 16847)
-- Name: BoxOptions; Type: TABLE; Schema: public; Owner: -
--

CREATE TABLE public."BoxOptions" (
    "BoxOptionId" integer NOT NULL,
    "BoxId" integer NOT NULL,
    "BoxOptionName" text NOT NULL,
    "OriginPrice" numeric NOT NULL,
    "DisplayPrice" numeric NOT NULL,
    "BoxOptionStock" integer NOT NULL,
    "IsDeleted" boolean NOT NULL,
    "IsOnlineSerieBox" boolean DEFAULT false NOT NULL,
    "Rating" real DEFAULT 0 NOT NULL
);


--
-- TOC entry 255 (class 1259 OID 16846)
-- Name: BoxOptions_BoxOptionId_seq; Type: SEQUENCE; Schema: public; Owner: -
--

ALTER TABLE public."BoxOptions" ALTER COLUMN "BoxOptionId" ADD GENERATED BY DEFAULT AS IDENTITY (
    SEQUENCE NAME public."BoxOptions_BoxOptionId_seq"
    START WITH 1
    INCREMENT BY 1
    NO MINVALUE
    NO MAXVALUE
    CACHE 1
);


--
-- TOC entry 225 (class 1259 OID 16478)
-- Name: Boxes; Type: TABLE; Schema: public; Owner: -
--

CREATE TABLE public."Boxes" (
    "BoxId" integer NOT NULL,
    "BoxName" text NOT NULL,
    "BoxDescription" text,
    "BrandId" integer NOT NULL,
    "IsDeleted" boolean DEFAULT false NOT NULL,
    "SoldQuantity" integer DEFAULT 0 NOT NULL,
    "Rating" real DEFAULT 0 NOT NULL
);


--
-- TOC entry 224 (class 1259 OID 16477)
-- Name: Boxes_BoxId_seq; Type: SEQUENCE; Schema: public; Owner: -
--

ALTER TABLE public."Boxes" ALTER COLUMN "BoxId" ADD GENERATED BY DEFAULT AS IDENTITY (
    SEQUENCE NAME public."Boxes_BoxId_seq"
    START WITH 1
    INCREMENT BY 1
    NO MINVALUE
    NO MAXVALUE
    CACHE 1
);


--
-- TOC entry 217 (class 1259 OID 16438)
-- Name: Brands; Type: TABLE; Schema: public; Owner: -
--

CREATE TABLE public."Brands" (
    "BrandId" integer NOT NULL,
    "BrandName" text NOT NULL,
    "ImageUrl" text
);


--
-- TOC entry 216 (class 1259 OID 16437)
-- Name: Brands_BrandId_seq; Type: SEQUENCE; Schema: public; Owner: -
--

ALTER TABLE public."Brands" ALTER COLUMN "BrandId" ADD GENERATED BY DEFAULT AS IDENTITY (
    SEQUENCE NAME public."Brands_BrandId_seq"
    START WITH 1
    INCREMENT BY 1
    NO MINVALUE
    NO MAXVALUE
    CACHE 1
);


--
-- TOC entry 257 (class 1259 OID 17002)
-- Name: CurrentRolledItems; Type: TABLE; Schema: public; Owner: -
--

CREATE TABLE public."CurrentRolledItems" (
    "CurrentRolledItemId" integer NOT NULL,
    "OnlineSerieBoxId" integer NOT NULL,
    "BoxItemId" integer DEFAULT 0 NOT NULL,
    "CreatedAt" timestamp with time zone DEFAULT '-infinity'::timestamp with time zone NOT NULL,
    "IsDisable" boolean DEFAULT false NOT NULL
);


--
-- TOC entry 260 (class 1259 OID 17065)
-- Name: CurrentRolledItems_CurrentRolledItemId_seq; Type: SEQUENCE; Schema: public; Owner: -
--

ALTER TABLE public."CurrentRolledItems" ALTER COLUMN "CurrentRolledItemId" ADD GENERATED BY DEFAULT AS IDENTITY (
    SEQUENCE NAME public."CurrentRolledItems_CurrentRolledItemId_seq"
    START WITH 1
    INCREMENT BY 1
    NO MINVALUE
    NO MAXVALUE
    CACHE 1
);


--
-- TOC entry 245 (class 1259 OID 16699)
-- Name: Feedbacks; Type: TABLE; Schema: public; Owner: -
--

CREATE TABLE public."Feedbacks" (
    "FeedbackId" integer NOT NULL,
    "UserId" integer NOT NULL,
    "FeedbackContent" text NOT NULL,
    "UpdatedAt" timestamp with time zone,
    "CreatedAt" timestamp with time zone NOT NULL,
    "ImageUrl" text NOT NULL,
    "OrderItemId" integer NOT NULL,
    "Rating" real DEFAULT 0 NOT NULL
);


--
-- TOC entry 244 (class 1259 OID 16698)
-- Name: Feedbacks_FeedbackId_seq; Type: SEQUENCE; Schema: public; Owner: -
--

ALTER TABLE public."Feedbacks" ALTER COLUMN "FeedbackId" ADD GENERATED BY DEFAULT AS IDENTITY (
    SEQUENCE NAME public."Feedbacks_FeedbackId_seq"
    START WITH 1
    INCREMENT BY 1
    NO MINVALUE
    NO MAXVALUE
    CACHE 1
);


--
-- TOC entry 232 (class 1259 OID 16548)
-- Name: OnlineSerieBoxes; Type: TABLE; Schema: public; Owner: -
--

CREATE TABLE public."OnlineSerieBoxes" (
    "OnlineSerieBoxId" integer NOT NULL,
    "PriceIncreasePercent" integer NOT NULL,
    "IsSecretOpen" boolean NOT NULL,
    "Turn" integer NOT NULL,
    "MaxTurn" integer DEFAULT 0 NOT NULL,
    "PriceAfterSecret" numeric DEFAULT 0.0 NOT NULL,
    "IsPublished" boolean DEFAULT false NOT NULL,
    "BasePrice" numeric DEFAULT 0.0 NOT NULL,
    "ImageUrl" text DEFAULT ''::text NOT NULL
);


--
-- TOC entry 242 (class 1259 OID 16664)
-- Name: OrderItems; Type: TABLE; Schema: public; Owner: -
--

CREATE TABLE public."OrderItems" (
    "OrderItemId" integer NOT NULL,
    "OrderId" integer NOT NULL,
    "Quantity" integer NOT NULL,
    "OrderPrice" numeric NOT NULL,
    "IsFeedback" boolean NOT NULL,
    "BoxOptionId" integer,
    "OpenRequestNumber" integer DEFAULT 0 NOT NULL,
    "OrderStatusCheckCardImage" text[] DEFAULT ARRAY[]::text[],
    "NumOfRefund" integer DEFAULT 0 NOT NULL,
    "UserRolledItemId" integer,
    "RefundStatus" text DEFAULT ''::text NOT NULL,
    "Note" text DEFAULT ''::text NOT NULL
);


--
-- TOC entry 241 (class 1259 OID 16663)
-- Name: OrderItems_OrderItemId_seq; Type: SEQUENCE; Schema: public; Owner: -
--

ALTER TABLE public."OrderItems" ALTER COLUMN "OrderItemId" ADD GENERATED BY DEFAULT AS IDENTITY (
    SEQUENCE NAME public."OrderItems_OrderItemId_seq"
    START WITH 1
    INCREMENT BY 1
    NO MINVALUE
    NO MAXVALUE
    CACHE 1
);


--
-- TOC entry 243 (class 1259 OID 16681)
-- Name: OrderStatusDetails; Type: TABLE; Schema: public; Owner: -
--

CREATE TABLE public."OrderStatusDetails" (
    "OrderId" integer NOT NULL,
    "OrderStatusId" integer NOT NULL,
    "OrderStatusUpdatedAt" timestamp with time zone NOT NULL,
    "OrderStatusNote" text
);


--
-- TOC entry 219 (class 1259 OID 16446)
-- Name: OrderStatuses; Type: TABLE; Schema: public; Owner: -
--

CREATE TABLE public."OrderStatuses" (
    "OrderStatusId" integer NOT NULL,
    "OrderStatusName" text NOT NULL
);


--
-- TOC entry 218 (class 1259 OID 16445)
-- Name: OrderStatuses_OrderStatusId_seq; Type: SEQUENCE; Schema: public; Owner: -
--

ALTER TABLE public."OrderStatuses" ALTER COLUMN "OrderStatusId" ADD GENERATED BY DEFAULT AS IDENTITY (
    SEQUENCE NAME public."OrderStatuses_OrderStatusId_seq"
    START WITH 1
    INCREMENT BY 1
    NO MINVALUE
    NO MAXVALUE
    CACHE 1
);


--
-- TOC entry 240 (class 1259 OID 16628)
-- Name: Orders; Type: TABLE; Schema: public; Owner: -
--

CREATE TABLE public."Orders" (
    "OrderId" integer NOT NULL,
    "UserId" integer NOT NULL,
    "OrderCreatedAt" timestamp with time zone NOT NULL,
    "VoucherId" integer,
    "PaymentMethod" text NOT NULL,
    "TotalPrice" numeric NOT NULL,
    "Revenue" numeric NOT NULL,
    "AddressId" integer,
    "OpenRequest" boolean DEFAULT false NOT NULL,
    "RefundRequest" boolean DEFAULT false NOT NULL,
    "CurrentOrderStatusId" integer DEFAULT 0 NOT NULL,
    "PaymentStatus" text DEFAULT ''::text NOT NULL,
    "JsonOrderModel" jsonb,
    "IsEnable" boolean DEFAULT false NOT NULL,
    "ShippingFee" numeric DEFAULT 0 NOT NULL,
    "DiscountAmount" numeric DEFAULT 0.0 NOT NULL,
    "SubTotal" numeric DEFAULT 0.0 NOT NULL,
    "IsReadyForShipBoxItem" boolean DEFAULT false NOT NULL,
    "OrderUpdatedAt" timestamp with time zone DEFAULT (now() AT TIME ZONE 'UTC'::text) NOT NULL
);


--
-- TOC entry 239 (class 1259 OID 16627)
-- Name: Orders_OrderId_seq; Type: SEQUENCE; Schema: public; Owner: -
--

ALTER TABLE public."Orders" ALTER COLUMN "OrderId" ADD GENERATED BY DEFAULT AS IDENTITY (
    SEQUENCE NAME public."Orders_OrderId_seq"
    START WITH 1
    INCREMENT BY 1
    NO MINVALUE
    NO MAXVALUE
    CACHE 1
);


--
-- TOC entry 221 (class 1259 OID 16454)
-- Name: Roles; Type: TABLE; Schema: public; Owner: -
--

CREATE TABLE public."Roles" (
    "RoleId" integer NOT NULL,
    "RoleName" text NOT NULL
);


--
-- TOC entry 220 (class 1259 OID 16453)
-- Name: Roles_RoleId_seq; Type: SEQUENCE; Schema: public; Owner: -
--

ALTER TABLE public."Roles" ALTER COLUMN "RoleId" ADD GENERATED BY DEFAULT AS IDENTITY (
    SEQUENCE NAME public."Roles_RoleId_seq"
    START WITH 1
    INCREMENT BY 1
    NO MINVALUE
    NO MAXVALUE
    CACHE 1
);


--
-- TOC entry 259 (class 1259 OID 17018)
-- Name: UserRolledItems; Type: TABLE; Schema: public; Owner: -
--

CREATE TABLE public."UserRolledItems" (
    "UserRolledItemId" integer NOT NULL,
    "UserId" integer NOT NULL,
    "BoxItemId" integer NOT NULL,
    "IsCheckOut" boolean NOT NULL,
    "OnlineSerieBoxId" integer NOT NULL
);


--
-- TOC entry 258 (class 1259 OID 17017)
-- Name: UserRolledItems_UserRolledItemId_seq; Type: SEQUENCE; Schema: public; Owner: -
--

ALTER TABLE public."UserRolledItems" ALTER COLUMN "UserRolledItemId" ADD GENERATED BY DEFAULT AS IDENTITY (
    SEQUENCE NAME public."UserRolledItems_UserRolledItemId_seq"
    START WITH 1
    INCREMENT BY 1
    NO MINVALUE
    NO MAXVALUE
    CACHE 1
);


--
-- TOC entry 238 (class 1259 OID 16597)
-- Name: UserVotedBoxItems; Type: TABLE; Schema: public; Owner: -
--

CREATE TABLE public."UserVotedBoxItems" (
    "UserVotedBoxItemId" integer NOT NULL,
    "BoxItemId" integer NOT NULL,
    "UserId" integer NOT NULL,
    "LastUpdated" timestamp with time zone NOT NULL,
    "Rating" integer NOT NULL
);


--
-- TOC entry 237 (class 1259 OID 16596)
-- Name: UserVotedBoxItems_UserVotedBoxItemId_seq; Type: SEQUENCE; Schema: public; Owner: -
--

ALTER TABLE public."UserVotedBoxItems" ALTER COLUMN "UserVotedBoxItemId" ADD GENERATED BY DEFAULT AS IDENTITY (
    SEQUENCE NAME public."UserVotedBoxItems_UserVotedBoxItemId_seq"
    START WITH 1
    INCREMENT BY 1
    NO MINVALUE
    NO MAXVALUE
    CACHE 1
);


--
-- TOC entry 227 (class 1259 OID 16491)
-- Name: Users; Type: TABLE; Schema: public; Owner: -
--

CREATE TABLE public."Users" (
    "UserId" integer NOT NULL,
    "Username" text NOT NULL,
    "Password" text NOT NULL,
    "Fullname" text NOT NULL,
    "Phone" text NOT NULL,
    "Email" text NOT NULL,
    "RoleId" integer NOT NULL,
    "Gender" boolean DEFAULT false NOT NULL,
    "IsActive" boolean DEFAULT false NOT NULL,
    "AvatarUrl" text,
    "IsDelete" boolean DEFAULT false NOT NULL
);


--
-- TOC entry 226 (class 1259 OID 16490)
-- Name: Users_UserId_seq; Type: SEQUENCE; Schema: public; Owner: -
--

ALTER TABLE public."Users" ALTER COLUMN "UserId" ADD GENERATED BY DEFAULT AS IDENTITY (
    SEQUENCE NAME public."Users_UserId_seq"
    START WITH 1
    INCREMENT BY 1
    NO MINVALUE
    NO MAXVALUE
    CACHE 1
);


--
-- TOC entry 223 (class 1259 OID 16470)
-- Name: Vouchers; Type: TABLE; Schema: public; Owner: -
--

CREATE TABLE public."Vouchers" (
    "VoucherId" integer NOT NULL,
    "VoucherName" text NOT NULL,
    "VoucherCode" text NOT NULL,
    "VoucherDiscount" integer NOT NULL,
    "VoucherStartDate" timestamp with time zone NOT NULL,
    "VoucherEndDate" timestamp with time zone NOT NULL,
    "MaxDiscount" real NOT NULL,
    "IsDeleted" boolean NOT NULL,
    "VoucherPriceRequirement" real DEFAULT 0 NOT NULL,
    "NumOfVoucher" integer DEFAULT 0 NOT NULL
);


--
-- TOC entry 222 (class 1259 OID 16469)
-- Name: Vouchers_VoucherId_seq; Type: SEQUENCE; Schema: public; Owner: -
--

ALTER TABLE public."Vouchers" ALTER COLUMN "VoucherId" ADD GENERATED BY DEFAULT AS IDENTITY (
    SEQUENCE NAME public."Vouchers_VoucherId_seq"
    START WITH 1
    INCREMENT BY 1
    NO MINVALUE
    NO MAXVALUE
    CACHE 1
);


--
-- TOC entry 215 (class 1259 OID 16432)
-- Name: __EFMigrationsHistory; Type: TABLE; Schema: public; Owner: -
--

CREATE TABLE public."__EFMigrationsHistory" (
    "MigrationId" character varying(150) NOT NULL,
    "ProductVersion" character varying(32) NOT NULL
);


--
-- TOC entry 4712 (class 0 OID 16561)
-- Dependencies: 234
-- Data for Name: Addresses; Type: TABLE DATA; Schema: public; Owner: -
--

INSERT INTO public."Addresses" ("AddressId", "Province", "District", "Ward", "AddressDetail", "UserId", "Name", "PhoneNumber", "DistrictId", "Note", "ProvinceId", "WardCode") VALUES (197, 'Hồ Chí Minh', 'Quận 9', 'Phường Long Thạnh Mỹ', 'FPTUNIVERSITY', 178, 'Lâm Quốc Phong', '0586998792', 1451, '', 202, 20904);
INSERT INTO public."Addresses" ("AddressId", "Province", "District", "Ward", "AddressDetail", "UserId", "Name", "PhoneNumber", "DistrictId", "Note", "ProvinceId", "WardCode") VALUES (198, 'Hồ Chí Minh', 'Quận Tân Bình', 'Phường 12', '1234566', 178, 'Lâm Quốc Phong', '0586998792', 1455, '', 202, 21412);
INSERT INTO public."Addresses" ("AddressId", "Province", "District", "Ward", "AddressDetail", "UserId", "Name", "PhoneNumber", "DistrictId", "Note", "ProvinceId", "WardCode") VALUES (199, 'Hồ Chí Minh', 'Thành Phố Thủ Đức', 'Phường Long Thạnh Mỹ', 'S205 Vinhome GrandPark', 177, 'Minh Luong', '0703308389', 3695, '', 202, 90752);
INSERT INTO public."Addresses" ("AddressId", "Province", "District", "Ward", "AddressDetail", "UserId", "Name", "PhoneNumber", "DistrictId", "Note", "ProvinceId", "WardCode") VALUES (200, 'Hòa Bình', 'Huyện Mai Châu', 'Xã Tân Thành', '7925 Ascot Loop', 177, 'Luong The Minh', '0703308389', 2163, '', 267, 800051);
INSERT INTO public."Addresses" ("AddressId", "Province", "District", "Ward", "AddressDetail", "UserId", "Name", "PhoneNumber", "DistrictId", "Note", "ProvinceId", "WardCode") VALUES (201, 'Hưng Yên', 'Huyện Phù Cừ', 'Xã Tống Trân', 'D3 tổ 16', 187, 'Nguyễn Quang Giáp', '0943911515', 2194, '', 268, 220714);
INSERT INTO public."Addresses" ("AddressId", "Province", "District", "Ward", "AddressDetail", "UserId", "Name", "PhoneNumber", "DistrictId", "Note", "ProvinceId", "WardCode") VALUES (202, 'Hồ Chí Minh', 'Quận Gò Vấp', 'Phường 11', '123/89', 188, 'Quoc Phong', '012345678', 1461, '', 202, 21307);


--
-- TOC entry 4727 (class 0 OID 16764)
-- Dependencies: 249
-- Data for Name: AspNetRoleClaims; Type: TABLE DATA; Schema: public; Owner: -
--



--
-- TOC entry 4724 (class 0 OID 16749)
-- Dependencies: 246
-- Data for Name: AspNetRoles; Type: TABLE DATA; Schema: public; Owner: -
--

INSERT INTO public."AspNetRoles" ("Id", "Name", "NormalizedName", "ConcurrencyStamp") VALUES ('1c622fb3-9a61-443f-b065-c1fcdc6b0781', 'Admin', 'ADMIN', NULL);
INSERT INTO public."AspNetRoles" ("Id", "Name", "NormalizedName", "ConcurrencyStamp") VALUES ('f018abe0-84ab-42f9-a333-a0fa727d6eb4', 'Admifdsfan', 'ADMIFDSFAN', NULL);
INSERT INTO public."AspNetRoles" ("Id", "Name", "NormalizedName", "ConcurrencyStamp") VALUES ('15f27619-d5d5-43a0-a454-3355c0a3179e', 'Test', 'TEST', NULL);
INSERT INTO public."AspNetRoles" ("Id", "Name", "NormalizedName", "ConcurrencyStamp") VALUES ('cba6b4ee-efc4-4f6a-a5a2-948c28a818cd', 'User', 'USER', NULL);
INSERT INTO public."AspNetRoles" ("Id", "Name", "NormalizedName", "ConcurrencyStamp") VALUES ('da49226a-11f3-49a1-bfd2-6cc28d7eb3f9', 'Staff', 'STAFF', NULL);


--
-- TOC entry 4729 (class 0 OID 16777)
-- Dependencies: 251
-- Data for Name: AspNetUserClaims; Type: TABLE DATA; Schema: public; Owner: -
--



--
-- TOC entry 4730 (class 0 OID 16789)
-- Dependencies: 252
-- Data for Name: AspNetUserLogins; Type: TABLE DATA; Schema: public; Owner: -
--



--
-- TOC entry 4731 (class 0 OID 16801)
-- Dependencies: 253
-- Data for Name: AspNetUserRoles; Type: TABLE DATA; Schema: public; Owner: -
--

INSERT INTO public."AspNetUserRoles" ("UserId", "RoleId") VALUES ('6a878b96-8618-45a8-b1f8-ec5707ce310b', '1c622fb3-9a61-443f-b065-c1fcdc6b0781');
INSERT INTO public."AspNetUserRoles" ("UserId", "RoleId") VALUES ('0a7a1eae-8165-49dc-bb2f-284b19a689f6', '1c622fb3-9a61-443f-b065-c1fcdc6b0781');
INSERT INTO public."AspNetUserRoles" ("UserId", "RoleId") VALUES ('909fdbb9-83e8-4eb0-bd40-afad24efa6e1', '1c622fb3-9a61-443f-b065-c1fcdc6b0781');
INSERT INTO public."AspNetUserRoles" ("UserId", "RoleId") VALUES ('47102085-6530-4ff8-9c7f-adc78c8ddcd7', '1c622fb3-9a61-443f-b065-c1fcdc6b0781');
INSERT INTO public."AspNetUserRoles" ("UserId", "RoleId") VALUES ('822bee6b-117b-4612-aeb5-09e2d9f8d591', 'cba6b4ee-efc4-4f6a-a5a2-948c28a818cd');
INSERT INTO public."AspNetUserRoles" ("UserId", "RoleId") VALUES ('f3bc4f21-02d9-475d-9ce9-07e789d6bc61', 'cba6b4ee-efc4-4f6a-a5a2-948c28a818cd');
INSERT INTO public."AspNetUserRoles" ("UserId", "RoleId") VALUES ('1904bd28-6ba2-446d-81ef-f1f51cccb9b5', 'cba6b4ee-efc4-4f6a-a5a2-948c28a818cd');
INSERT INTO public."AspNetUserRoles" ("UserId", "RoleId") VALUES ('9d835133-2335-48d3-95fa-339de1418404', 'cba6b4ee-efc4-4f6a-a5a2-948c28a818cd');
INSERT INTO public."AspNetUserRoles" ("UserId", "RoleId") VALUES ('8e0dafdd-4ddb-401d-b661-d0869fb371d7', 'da49226a-11f3-49a1-bfd2-6cc28d7eb3f9');
INSERT INTO public."AspNetUserRoles" ("UserId", "RoleId") VALUES ('207b4bc9-a119-41e3-8251-e8db62bb7ff7', 'da49226a-11f3-49a1-bfd2-6cc28d7eb3f9');
INSERT INTO public."AspNetUserRoles" ("UserId", "RoleId") VALUES ('f12091d6-0917-4b17-9a4e-545cf0409ab2', 'cba6b4ee-efc4-4f6a-a5a2-948c28a818cd');
INSERT INTO public."AspNetUserRoles" ("UserId", "RoleId") VALUES ('8a055e85-9a9a-4374-ac88-eaea390f148d', 'cba6b4ee-efc4-4f6a-a5a2-948c28a818cd');


--
-- TOC entry 4732 (class 0 OID 16818)
-- Dependencies: 254
-- Data for Name: AspNetUserTokens; Type: TABLE DATA; Schema: public; Owner: -
--



--
-- TOC entry 4725 (class 0 OID 16756)
-- Dependencies: 247
-- Data for Name: AspNetUsers; Type: TABLE DATA; Schema: public; Owner: -
--

INSERT INTO public."AspNetUsers" ("Id", "UserName", "NormalizedUserName", "Email", "NormalizedEmail", "EmailConfirmed", "PasswordHash", "SecurityStamp", "ConcurrencyStamp", "PhoneNumber", "PhoneNumberConfirmed", "TwoFactorEnabled", "LockoutEnd", "LockoutEnabled", "AccessFailedCount", "FullName", "IsActive", "Password") VALUES ('6a878b96-8618-45a8-b1f8-ec5707ce310b', 'GiapAdmin', 'GIAPADMIN', 'giap@gmail.com', 'GIAP@GMAIL.COM', true, 'AQAAAAIAAYagAAAAEC8+nAcimohcuFh8ztxYaQU5VwhYxPt+TcwpPXWIcR843/RzIsnU7cimE3nZvLFpJw==', '7LIPXJ2DU54I2X3VY2MPNEKDLKHCFVG6', 'baa1f9de-6e87-42de-8c2b-a6f1861e4756', '0943911515', false, false, NULL, true, 0, 'Nguyen Quang Giap', true, 'Giap123456');
INSERT INTO public."AspNetUsers" ("Id", "UserName", "NormalizedUserName", "Email", "NormalizedEmail", "EmailConfirmed", "PasswordHash", "SecurityStamp", "ConcurrencyStamp", "PhoneNumber", "PhoneNumberConfirmed", "TwoFactorEnabled", "LockoutEnd", "LockoutEnabled", "AccessFailedCount", "FullName", "IsActive", "Password") VALUES ('0a7a1eae-8165-49dc-bb2f-284b19a689f6', 'PhongAdmin', 'PHONGADMIN', 'PhongLam@gmail.com', 'PHONGLAM@GMAIL.COM', true, 'AQAAAAIAAYagAAAAECWYhWuLpE0D3QK1b35KiapTWzCzGPeCgH3My9V1hIRavg9A/aqV3w/56yfI4kvtcg==', 'TH3YYXNXVHFJNHVLYSVPNDBAS2JE37QL', 'e7e89783-13fa-43af-bafd-a51399923ceb', '0943911512', false, false, NULL, true, 0, 'Lam Quoc Phong', true, 'Giap123456');
INSERT INTO public."AspNetUsers" ("Id", "UserName", "NormalizedUserName", "Email", "NormalizedEmail", "EmailConfirmed", "PasswordHash", "SecurityStamp", "ConcurrencyStamp", "PhoneNumber", "PhoneNumberConfirmed", "TwoFactorEnabled", "LockoutEnd", "LockoutEnabled", "AccessFailedCount", "FullName", "IsActive", "Password") VALUES ('909fdbb9-83e8-4eb0-bd40-afad24efa6e1', 'MinhAdmin', 'MINHADMIN', 'MinhLuong@gmail.com', 'MINHLUONG@GMAIL.COM', true, 'AQAAAAIAAYagAAAAEOtD4CvxojfMA+grX6ig6cSWt6/uJVgZCdKZ/i8/N8Pq8Gt2pF6Vmuy3i0glf8MHcA==', '6VBBM5WJEJAWRKVWZLHTMZI2H66MX234', 'cd3e16a5-43aa-4136-bbb5-c2f29c072b1f', '0943911514', false, false, NULL, true, 0, 'Luong The Minh', true, 'Giap123456');
INSERT INTO public."AspNetUsers" ("Id", "UserName", "NormalizedUserName", "Email", "NormalizedEmail", "EmailConfirmed", "PasswordHash", "SecurityStamp", "ConcurrencyStamp", "PhoneNumber", "PhoneNumberConfirmed", "TwoFactorEnabled", "LockoutEnd", "LockoutEnabled", "AccessFailedCount", "FullName", "IsActive", "Password") VALUES ('f3bc4f21-02d9-475d-9ce9-07e789d6bc61', 'QuangGiap', 'QUANGGIAP', 'nguyenquanggiap642004@gmail.com', 'NGUYENQUANGGIAP642004@GMAIL.COM', true, 'AQAAAAIAAYagAAAAEGOlUc18h1aAOXu37VkAh+mMBxJ88WAWI2j+5zq7rdFoWpznetcvE17psj8sy8aKbw==', '24OI4HAC7WQGI2EBCV42D4EB5OGWQICX', 'ebbd67da-c1a7-4cba-8dad-11e0224e24c8', '0943911523', false, false, NULL, true, 0, 'Nguyen Quang Giap', true, 'Giap123456');
INSERT INTO public."AspNetUsers" ("Id", "UserName", "NormalizedUserName", "Email", "NormalizedEmail", "EmailConfirmed", "PasswordHash", "SecurityStamp", "ConcurrencyStamp", "PhoneNumber", "PhoneNumberConfirmed", "TwoFactorEnabled", "LockoutEnd", "LockoutEnabled", "AccessFailedCount", "FullName", "IsActive", "Password") VALUES ('8e0dafdd-4ddb-401d-b661-d0869fb371d7', 'Antony', 'ANTONY', 'antony@gmail.com', 'ANTONY@GMAIL.COM', true, 'AQAAAAIAAYagAAAAEPwgFowA3fUfPmMI56Gzkk5nH1NzA7EzDL2IaeIlsu3CzLHi1ZWZsqqQihdfSMCq0g==', 'HFXN6JPFIXJI25QUG2M4SNHUP5OFKNUN', '8f84e9fa-619d-4966-acbb-11d9b8adf8d8', '0703308377', false, false, NULL, true, 0, 'Antony Brazil', true, '30122004@Minh');
INSERT INTO public."AspNetUsers" ("Id", "UserName", "NormalizedUserName", "Email", "NormalizedEmail", "EmailConfirmed", "PasswordHash", "SecurityStamp", "ConcurrencyStamp", "PhoneNumber", "PhoneNumberConfirmed", "TwoFactorEnabled", "LockoutEnd", "LockoutEnabled", "AccessFailedCount", "FullName", "IsActive", "Password") VALUES ('207b4bc9-a119-41e3-8251-e8db62bb7ff7', 'Anh Long', 'ANH LONG', 'along@gmail.com', 'ALONG@GMAIL.COM', true, 'AQAAAAIAAYagAAAAEIxS4S4ly0OB/1zbN1L0C0uFJG/WtGJ9+XKHHn2TQxaMN2sw/jPM4kuIyxLH/3NwfA==', 'AUNPVBXBGSRODSUNSPX3RHFBS6AOBQSD', '0893fe67-909f-4a0b-a5b9-b66c70e31e75', '0703308333', false, false, NULL, true, 0, 'Anh Ka Long', true, '30122004@Minh');
INSERT INTO public."AspNetUsers" ("Id", "UserName", "NormalizedUserName", "Email", "NormalizedEmail", "EmailConfirmed", "PasswordHash", "SecurityStamp", "ConcurrencyStamp", "PhoneNumber", "PhoneNumberConfirmed", "TwoFactorEnabled", "LockoutEnd", "LockoutEnabled", "AccessFailedCount", "FullName", "IsActive", "Password") VALUES ('f12091d6-0917-4b17-9a4e-545cf0409ab2', 'yugiohpro1992@gmail.com', 'YUGIOHPRO1992@GMAIL.COM', 'yugiohpro1992@gmail.com', 'YUGIOHPRO1992@GMAIL.COM', true, 'AQAAAAIAAYagAAAAEMgmShZOrNUxXBtvfsS3hpMaPHe8rbtIt0ZPq/pXpYW5m44JXmglz325zjGP3BLnvg==', 'JVHFB2J7R5LG3C3VKS7CCIJV3YC2QUW6', 'effecae9-7a7a-4f6c-9f78-a3747715de2e', NULL, false, false, NULL, true, 0, 'giap nguyen quang', true, 'Giap123456');
INSERT INTO public."AspNetUsers" ("Id", "UserName", "NormalizedUserName", "Email", "NormalizedEmail", "EmailConfirmed", "PasswordHash", "SecurityStamp", "ConcurrencyStamp", "PhoneNumber", "PhoneNumberConfirmed", "TwoFactorEnabled", "LockoutEnd", "LockoutEnabled", "AccessFailedCount", "FullName", "IsActive", "Password") VALUES ('47102085-6530-4ff8-9c7f-adc78c8ddcd7', 'MiBell', 'MIBELL', 'minh.luong.heo@gmail.com', 'MINH.LUONG.HEO@GMAIL.COM', true, 'AQAAAAIAAYagAAAAEBEUO0lLeld485bsWIWi7TLtrRVXhmsI07va0YXwxrIhfbrloMtGZMsutbDdyPNe6A==', 'VO7DHTUIONMKLB6UKJQPTMOPEEEXLCNN', '9edd9be3-3488-40ee-85a0-e9dcaa554d36', '0703308389', false, false, NULL, true, 0, 'Minh Luong', true, '30122004@Minh');
INSERT INTO public."AspNetUsers" ("Id", "UserName", "NormalizedUserName", "Email", "NormalizedEmail", "EmailConfirmed", "PasswordHash", "SecurityStamp", "ConcurrencyStamp", "PhoneNumber", "PhoneNumberConfirmed", "TwoFactorEnabled", "LockoutEnd", "LockoutEnabled", "AccessFailedCount", "FullName", "IsActive", "Password") VALUES ('1904bd28-6ba2-446d-81ef-f1f51cccb9b5', 'Quang Hai ', 'QUANG HAI ', 'test1@gmail.com', 'TEST1@GMAIL.COM', true, 'AQAAAAIAAYagAAAAELUapcntXvsG8cy/yCQ49awPbwaz5tcYgEGd/HkZx9L0qx9gajiASqGaNCJuR9rNZg==', 'GVIVQ6QLJUE6OKZ4RKP2FGOMLQYCLLTJ', '10f8c89e-fdf2-4738-8bff-f5eaed069340', '0703308388', false, false, NULL, true, 0, 'Nguyen Quang Hai ', true, '30122004@Minh');
INSERT INTO public."AspNetUsers" ("Id", "UserName", "NormalizedUserName", "Email", "NormalizedEmail", "EmailConfirmed", "PasswordHash", "SecurityStamp", "ConcurrencyStamp", "PhoneNumber", "PhoneNumberConfirmed", "TwoFactorEnabled", "LockoutEnd", "LockoutEnabled", "AccessFailedCount", "FullName", "IsActive", "Password") VALUES ('822bee6b-117b-4612-aeb5-09e2d9f8d591', 'PhongLam', 'PHONGLAM', 'lamphong1507@gmail.com', 'LAMPHONG1507@GMAIL.COM', true, 'AQAAAAIAAYagAAAAEAJ9m7nhf6TD2suAKvLCxBVUbswTR/NicKnC0tAXWJFH6PdlMW7eSBv/lZyjab9OEw==', 'TMWRSYNCFYV4XTB7YNSGC5BZFM7P4SMT', '0697f11d-6dc6-4f8c-81cc-55a84714aa52', '0586998792', false, false, NULL, true, 0, 'Lâm Quốc Phong', true, 'lamphong1507A');
INSERT INTO public."AspNetUsers" ("Id", "UserName", "NormalizedUserName", "Email", "NormalizedEmail", "EmailConfirmed", "PasswordHash", "SecurityStamp", "ConcurrencyStamp", "PhoneNumber", "PhoneNumberConfirmed", "TwoFactorEnabled", "LockoutEnd", "LockoutEnabled", "AccessFailedCount", "FullName", "IsActive", "Password") VALUES ('9d835133-2335-48d3-95fa-339de1418404', 'Ronaldo CR7', 'RONALDO CR7', 'cr7@gmail.com', 'CR7@GMAIL.COM', true, 'AQAAAAIAAYagAAAAEAdycmMdeF04rA+Q3cMzxlNji6qZHe99U6bv0SN3DQJNgqhc86M12Uv02STlCm2WYQ==', 'NPHGP4YFQM55AF2ZVYU5YDUMFRFRDU3Y', '97822277-1615-4f18-b3aa-d0c4d17ab16f', '0703308386', false, false, NULL, true, 0, 'Cristiano Ronaldo', true, '30122004@Minh');
INSERT INTO public."AspNetUsers" ("Id", "UserName", "NormalizedUserName", "Email", "NormalizedEmail", "EmailConfirmed", "PasswordHash", "SecurityStamp", "ConcurrencyStamp", "PhoneNumber", "PhoneNumberConfirmed", "TwoFactorEnabled", "LockoutEnd", "LockoutEnabled", "AccessFailedCount", "FullName", "IsActive", "Password") VALUES ('8a055e85-9a9a-4374-ac88-eaea390f148d', 'lamphong15072004', 'LAMPHONG15072004', 'lamphong15072004@gmail.com', 'LAMPHONG15072004@GMAIL.COM', true, 'AQAAAAIAAYagAAAAEJidqbz8f1xA9wYosOp3Pp8KjRmG8MQfkpLHYHWGnXZsJOnmDOkROTW3RszxXXaLvA==', 'GKJP2XGR37P5OSG4PHASX6IAX2S4FP5M', '432afc06-d7f2-4e2f-94ae-bacf0e0cf847', '0943991995', false, false, NULL, true, 0, 'phong lam', true, 'Giap123456');


--
-- TOC entry 4714 (class 0 OID 16574)
-- Dependencies: 236
-- Data for Name: BlogPosts; Type: TABLE DATA; Schema: public; Owner: -
--

INSERT INTO public."BlogPosts" ("BlogPostId", "BlogPostTitle", "BlogPostContent", "BlogPostImage", "UserId", "BlogCreatedDate") VALUES (115, 'Blind Boxes: The Thrill Behind Vietnam’s Latest Trend', 'What is a Blind Box? Why Is It So Popular?
A blind box is a sealed package containing a surprise item, usually a collectible toy or object. The twist? You won’t know what’s inside until you open it.

Each blind box item typically belongs to a unique collection. To complete the set, collectors often need to purchase multiple boxes or trade with others to find the missing pieces. Collections usually include 12 common characters and a few rare, ultra-exclusive items with extremely low odds of appearing (like 1 in 144 boxes!).', 'https://chus.vn/images/Blog/Blindbox%20l%C3%A0%20g%C3%AC%20v%C3%AC%20sao%20m%E1%BB%9F%20blidnbox%20vui/blind%20box%20la%20gi%2C%20vi%20sao%20mo%20blindbox%20vui.jpg?1733374608100', 186, '2025-03-28 20:00:24.504728+00');


--
-- TOC entry 4707 (class 0 OID 16504)
-- Dependencies: 229
-- Data for Name: BoxImages; Type: TABLE DATA; Schema: public; Owner: -
--

INSERT INTO public."BoxImages" ("BoxImageId", "BoxImageUrl", "BoxId") VALUES (275, 'https://cloud.appwrite.io/v1/storage/buckets/67b01654001d8ae97462/files/67e6e7e53dd950c960c1/view?project=67b0163f001c5610d6cb', 99);
INSERT INTO public."BoxImages" ("BoxImageId", "BoxImageUrl", "BoxId") VALUES (276, 'https://cloud.appwrite.io/v1/storage/buckets/67b01654001d8ae97462/files/67e6e7f8620101a8d7e9/view?project=67b0163f001c5610d6cb', 99);
INSERT INTO public."BoxImages" ("BoxImageId", "BoxImageUrl", "BoxId") VALUES (277, 'https://cloud.appwrite.io/v1/storage/buckets/67b01654001d8ae97462/files/67e6e80185e78c8945a9/view?project=67b0163f001c5610d6cb', 99);
INSERT INTO public."BoxImages" ("BoxImageId", "BoxImageUrl", "BoxId") VALUES (278, 'https://cloud.appwrite.io/v1/storage/buckets/67b01654001d8ae97462/files/67e6e8086be0d243d41f/view?project=67b0163f001c5610d6cb', 99);
INSERT INTO public."BoxImages" ("BoxImageId", "BoxImageUrl", "BoxId") VALUES (283, 'https://cloud.appwrite.io/v1/storage/buckets/67b01654001d8ae97462/files/67e6e96fc5bd37244ea8/view?project=67b0163f001c5610d6cb', 105);
INSERT INTO public."BoxImages" ("BoxImageId", "BoxImageUrl", "BoxId") VALUES (284, 'https://cloud.appwrite.io/v1/storage/buckets/67b01654001d8ae97462/files/67e6e9783fb2a7ddf2bf/view?project=67b0163f001c5610d6cb', 105);
INSERT INTO public."BoxImages" ("BoxImageId", "BoxImageUrl", "BoxId") VALUES (285, 'https://cloud.appwrite.io/v1/storage/buckets/67b01654001d8ae97462/files/67e6e97d212161143e29/view?project=67b0163f001c5610d6cb', 105);
INSERT INTO public."BoxImages" ("BoxImageId", "BoxImageUrl", "BoxId") VALUES (286, 'https://cloud.appwrite.io/v1/storage/buckets/67b01654001d8ae97462/files/67e6e9829a89185507ce/view?project=67b0163f001c5610d6cb', 105);
INSERT INTO public."BoxImages" ("BoxImageId", "BoxImageUrl", "BoxId") VALUES (287, 'https://cloud.appwrite.io/v1/storage/buckets/67b01654001d8ae97462/files/67e6ea5db0fc7c5f8716/view?project=67b0163f001c5610d6cb', 104);
INSERT INTO public."BoxImages" ("BoxImageId", "BoxImageUrl", "BoxId") VALUES (288, 'https://cloud.appwrite.io/v1/storage/buckets/67b01654001d8ae97462/files/67e6eae8ec7be9099edd/view?project=67b0163f001c5610d6cb', 106);
INSERT INTO public."BoxImages" ("BoxImageId", "BoxImageUrl", "BoxId") VALUES (289, 'https://cloud.appwrite.io/v1/storage/buckets/67b01654001d8ae97462/files/67e6eaeed95523d6ea1c/view?project=67b0163f001c5610d6cb', 106);
INSERT INTO public."BoxImages" ("BoxImageId", "BoxImageUrl", "BoxId") VALUES (290, 'https://cloud.appwrite.io/v1/storage/buckets/67b01654001d8ae97462/files/67e6eae8088929b417d9/view?project=67b0163f001c5610d6cb', 103);
INSERT INTO public."BoxImages" ("BoxImageId", "BoxImageUrl", "BoxId") VALUES (291, 'https://cloud.appwrite.io/v1/storage/buckets/67b01654001d8ae97462/files/67e6eaf4e0de14104110/view?project=67b0163f001c5610d6cb', 106);
INSERT INTO public."BoxImages" ("BoxImageId", "BoxImageUrl", "BoxId") VALUES (292, 'https://cloud.appwrite.io/v1/storage/buckets/67b01654001d8ae97462/files/67e6eafaa0dd343e8972/view?project=67b0163f001c5610d6cb', 106);
INSERT INTO public."BoxImages" ("BoxImageId", "BoxImageUrl", "BoxId") VALUES (293, 'https://cloud.appwrite.io/v1/storage/buckets/67b01654001d8ae97462/files/67e6eb0dc04d3c9ced8e/view?project=67b0163f001c5610d6cb', 101);
INSERT INTO public."BoxImages" ("BoxImageId", "BoxImageUrl", "BoxId") VALUES (294, 'https://cloud.appwrite.io/v1/storage/buckets/67b01654001d8ae97462/files/67e6eb2542fd2ce0b599/view?project=67b0163f001c5610d6cb', 101);
INSERT INTO public."BoxImages" ("BoxImageId", "BoxImageUrl", "BoxId") VALUES (296, 'https://cloud.appwrite.io/v1/storage/buckets/67b01654001d8ae97462/files/67e6eb4fb01f4e689ad1/view?project=67b0163f001c5610d6cb', 100);
INSERT INTO public."BoxImages" ("BoxImageId", "BoxImageUrl", "BoxId") VALUES (297, 'https://cloud.appwrite.io/v1/storage/buckets/67b01654001d8ae97462/files/67e6eb63c03f7a25bb0e/view?project=67b0163f001c5610d6cb', 100);
INSERT INTO public."BoxImages" ("BoxImageId", "BoxImageUrl", "BoxId") VALUES (298, 'https://cloud.appwrite.io/v1/storage/buckets/67b01654001d8ae97462/files/67e6eb7d1866f16d7aca/view?project=67b0163f001c5610d6cb', 100);
INSERT INTO public."BoxImages" ("BoxImageId", "BoxImageUrl", "BoxId") VALUES (299, 'https://cloud.appwrite.io/v1/storage/buckets/67b01654001d8ae97462/files/67e6eba43d0cc739214d/view?project=67b0163f001c5610d6cb', 104);
INSERT INTO public."BoxImages" ("BoxImageId", "BoxImageUrl", "BoxId") VALUES (300, 'https://cloud.appwrite.io/v1/storage/buckets/67b01654001d8ae97462/files/67e6ebbf0b37aa079702/view?project=67b0163f001c5610d6cb', 104);
INSERT INTO public."BoxImages" ("BoxImageId", "BoxImageUrl", "BoxId") VALUES (301, 'https://cloud.appwrite.io/v1/storage/buckets/67b01654001d8ae97462/files/67e6ebe152ad1d9e9a2c/view?project=67b0163f001c5610d6cb', 103);
INSERT INTO public."BoxImages" ("BoxImageId", "BoxImageUrl", "BoxId") VALUES (302, 'https://cloud.appwrite.io/v1/storage/buckets/67b01654001d8ae97462/files/67e6ec71e619e0e13665/view?project=67b0163f001c5610d6cb', 102);
INSERT INTO public."BoxImages" ("BoxImageId", "BoxImageUrl", "BoxId") VALUES (303, 'https://cloud.appwrite.io/v1/storage/buckets/67b01654001d8ae97462/files/67e6ec79b036c4a6f885/view?project=67b0163f001c5610d6cb', 102);
INSERT INTO public."BoxImages" ("BoxImageId", "BoxImageUrl", "BoxId") VALUES (304, 'https://cloud.appwrite.io/v1/storage/buckets/67b01654001d8ae97462/files/67e6ec835bb857c72d30/view?project=67b0163f001c5610d6cb', 102);
INSERT INTO public."BoxImages" ("BoxImageId", "BoxImageUrl", "BoxId") VALUES (305, 'https://cloud.appwrite.io/v1/storage/buckets/67b01654001d8ae97462/files/67e6ec8a0a8ab3f69d01/view?project=67b0163f001c5610d6cb', 102);
INSERT INTO public."BoxImages" ("BoxImageId", "BoxImageUrl", "BoxId") VALUES (306, 'https://cloud.appwrite.io/v1/storage/buckets/67b01654001d8ae97462/files/67e6ec90398b1f9cad3f/view?project=67b0163f001c5610d6cb', 102);
INSERT INTO public."BoxImages" ("BoxImageId", "BoxImageUrl", "BoxId") VALUES (308, 'https://cloud.appwrite.io/v1/storage/buckets/67b01654001d8ae97462/files/67e6ed7813847fb88086/view?project=67b0163f001c5610d6cb', 107);
INSERT INTO public."BoxImages" ("BoxImageId", "BoxImageUrl", "BoxId") VALUES (309, 'https://cloud.appwrite.io/v1/storage/buckets/67b01654001d8ae97462/files/67e6eda81d36a7b458b4/view?project=67b0163f001c5610d6cb', 107);
INSERT INTO public."BoxImages" ("BoxImageId", "BoxImageUrl", "BoxId") VALUES (310, 'https://cloud.appwrite.io/v1/storage/buckets/67b01654001d8ae97462/files/67e6edb0f33f547f0769/view?project=67b0163f001c5610d6cb', 107);
INSERT INTO public."BoxImages" ("BoxImageId", "BoxImageUrl", "BoxId") VALUES (311, 'https://cloud.appwrite.io/v1/storage/buckets/67b01654001d8ae97462/files/67e6edb883ddc21744ae/view?project=67b0163f001c5610d6cb', 107);
INSERT INTO public."BoxImages" ("BoxImageId", "BoxImageUrl", "BoxId") VALUES (312, 'https://cloud.appwrite.io/v1/storage/buckets/67b01654001d8ae97462/files/67e6ede7011064d33b7a/view?project=67b0163f001c5610d6cb', 107);
INSERT INTO public."BoxImages" ("BoxImageId", "BoxImageUrl", "BoxId") VALUES (313, 'https://cloud.appwrite.io/v1/storage/buckets/67b01654001d8ae97462/files/67e6edef38c00878c75a/view?project=67b0163f001c5610d6cb', 107);
INSERT INTO public."BoxImages" ("BoxImageId", "BoxImageUrl", "BoxId") VALUES (314, 'https://cloud.appwrite.io/v1/storage/buckets/67b01654001d8ae97462/files/67e6ee0d5d4d632910fd/view?project=67b0163f001c5610d6cb', 107);
INSERT INTO public."BoxImages" ("BoxImageId", "BoxImageUrl", "BoxId") VALUES (315, 'https://cloud.appwrite.io/v1/storage/buckets/67b01654001d8ae97462/files/67e6ee136fd10d947d4b/view?project=67b0163f001c5610d6cb', 107);
INSERT INTO public."BoxImages" ("BoxImageId", "BoxImageUrl", "BoxId") VALUES (316, 'https://cloud.appwrite.io/v1/storage/buckets/67b01654001d8ae97462/files/67e6efd5139f1d74917d/view?project=67b0163f001c5610d6cb', 102);
INSERT INTO public."BoxImages" ("BoxImageId", "BoxImageUrl", "BoxId") VALUES (318, 'https://cloud.appwrite.io/v1/storage/buckets/67b01654001d8ae97462/files/67e6f27047e47954babf/view?project=67b0163f001c5610d6cb', 108);
INSERT INTO public."BoxImages" ("BoxImageId", "BoxImageUrl", "BoxId") VALUES (319, 'https://cloud.appwrite.io/v1/storage/buckets/67b01654001d8ae97462/files/67e6f2767ef2d077d912/view?project=67b0163f001c5610d6cb', 108);
INSERT INTO public."BoxImages" ("BoxImageId", "BoxImageUrl", "BoxId") VALUES (320, 'https://cloud.appwrite.io/v1/storage/buckets/67b01654001d8ae97462/files/67e6f27c3b98c669081f/view?project=67b0163f001c5610d6cb', 108);
INSERT INTO public."BoxImages" ("BoxImageId", "BoxImageUrl", "BoxId") VALUES (321, 'https://cloud.appwrite.io/v1/storage/buckets/67b01654001d8ae97462/files/67e6f28221fde0aaef02/view?project=67b0163f001c5610d6cb', 108);
INSERT INTO public."BoxImages" ("BoxImageId", "BoxImageUrl", "BoxId") VALUES (322, 'https://cloud.appwrite.io/v1/storage/buckets/67b01654001d8ae97462/files/67e6f287795207184e7a/view?project=67b0163f001c5610d6cb', 108);
INSERT INTO public."BoxImages" ("BoxImageId", "BoxImageUrl", "BoxId") VALUES (323, 'https://cloud.appwrite.io/v1/storage/buckets/67b01654001d8ae97462/files/67e6f28e3b6a36c4784e/view?project=67b0163f001c5610d6cb', 108);
INSERT INTO public."BoxImages" ("BoxImageId", "BoxImageUrl", "BoxId") VALUES (324, 'https://cloud.appwrite.io/v1/storage/buckets/67b01654001d8ae97462/files/67e6f2948c020426057b/view?project=67b0163f001c5610d6cb', 108);
INSERT INTO public."BoxImages" ("BoxImageId", "BoxImageUrl", "BoxId") VALUES (325, 'https://cloud.appwrite.io/v1/storage/buckets/67b01654001d8ae97462/files/67e6f5747ea726157bae/view?project=67b0163f001c5610d6cb', 109);
INSERT INTO public."BoxImages" ("BoxImageId", "BoxImageUrl", "BoxId") VALUES (326, 'https://cloud.appwrite.io/v1/storage/buckets/67b01654001d8ae97462/files/67e6f5793e5aee124634/view?project=67b0163f001c5610d6cb', 109);
INSERT INTO public."BoxImages" ("BoxImageId", "BoxImageUrl", "BoxId") VALUES (327, 'https://cloud.appwrite.io/v1/storage/buckets/67b01654001d8ae97462/files/67e6f57ee065deaae343/view?project=67b0163f001c5610d6cb', 109);
INSERT INTO public."BoxImages" ("BoxImageId", "BoxImageUrl", "BoxId") VALUES (328, 'https://cloud.appwrite.io/v1/storage/buckets/67b01654001d8ae97462/files/67e6f583e5d992f3491d/view?project=67b0163f001c5610d6cb', 109);
INSERT INTO public."BoxImages" ("BoxImageId", "BoxImageUrl", "BoxId") VALUES (329, 'https://cloud.appwrite.io/v1/storage/buckets/67b01654001d8ae97462/files/67e6f588e58d2fdeae3f/view?project=67b0163f001c5610d6cb', 109);
INSERT INTO public."BoxImages" ("BoxImageId", "BoxImageUrl", "BoxId") VALUES (330, 'https://cloud.appwrite.io/v1/storage/buckets/67b01654001d8ae97462/files/67e6f58f3bc34b8a4375/view?project=67b0163f001c5610d6cb', 109);
INSERT INTO public."BoxImages" ("BoxImageId", "BoxImageUrl", "BoxId") VALUES (331, 'https://cloud.appwrite.io/v1/storage/buckets/67b01654001d8ae97462/files/67e6f593e2efa6363df4/view?project=67b0163f001c5610d6cb', 109);


--
-- TOC entry 4709 (class 0 OID 16517)
-- Dependencies: 231
-- Data for Name: BoxItems; Type: TABLE DATA; Schema: public; Owner: -
--

INSERT INTO public."BoxItems" ("BoxItemId", "BoxItemName", "BoxItemDescription", "BoxItemEyes", "BoxItemColor", "AverageRating", "BoxId", "ImageUrl", "NumOfVote", "IsSecret") VALUES (125, 'Kuromi witch 2', 'Kuromi witch 2', 'normal', 'black', 0, 99, 'https://cloud.appwrite.io/v1/storage/buckets/67b01654001d8ae97462/files/67e6e86b28065dcd4f3a/view?project=67b0163f001c5610d6cb', 0, false);
INSERT INTO public."BoxItems" ("BoxItemId", "BoxItemName", "BoxItemDescription", "BoxItemEyes", "BoxItemColor", "AverageRating", "BoxId", "ImageUrl", "NumOfVote", "IsSecret") VALUES (126, 'Kuromi witch 3', 'Kuromi witch 3', 'Color', 'black', 0, 99, 'https://cloud.appwrite.io/v1/storage/buckets/67b01654001d8ae97462/files/67e6e8a12b6ac3b4c957/view?project=67b0163f001c5610d6cb', 0, false);
INSERT INTO public."BoxItems" ("BoxItemId", "BoxItemName", "BoxItemDescription", "BoxItemEyes", "BoxItemColor", "AverageRating", "BoxId", "ImageUrl", "NumOfVote", "IsSecret") VALUES (128, 'Pink Girl', 'Pink Girl', 'normal', 'Pink', 0, 105, 'https://cloud.appwrite.io/v1/storage/buckets/67b01654001d8ae97462/files/67e6e9ec908dee6735a0/view?project=67b0163f001c5610d6cb', 0, false);
INSERT INTO public."BoxItems" ("BoxItemId", "BoxItemName", "BoxItemDescription", "BoxItemEyes", "BoxItemColor", "AverageRating", "BoxId", "ImageUrl", "NumOfVote", "IsSecret") VALUES (129, 'White Girl', 'White Girl', 'Black', 'White', 0, 105, 'https://cloud.appwrite.io/v1/storage/buckets/67b01654001d8ae97462/files/67e6ea03ad6a81d8f77d/view?project=67b0163f001c5610d6cb', 0, true);
INSERT INTO public."BoxItems" ("BoxItemId", "BoxItemName", "BoxItemDescription", "BoxItemEyes", "BoxItemColor", "AverageRating", "BoxId", "ImageUrl", "NumOfVote", "IsSecret") VALUES (133, 'SKULLPANDA 5', 'SKULLPANDA The Sound Series Figures 5', 'Dark', 'Black', 0, 102, 'https://cloud.appwrite.io/v1/storage/buckets/67b01654001d8ae97462/files/67e6eb113b331ca45632/view?project=67b0163f001c5610d6cb', 0, false);
INSERT INTO public."BoxItems" ("BoxItemId", "BoxItemName", "BoxItemDescription", "BoxItemEyes", "BoxItemColor", "AverageRating", "BoxId", "ImageUrl", "NumOfVote", "IsSecret") VALUES (134, 'Panda TOYCITY', 'Panda', 'Normal', 'Green', 0, 106, 'https://cloud.appwrite.io/v1/storage/buckets/67b01654001d8ae97462/files/67e6eb75603ff051d185/view?project=67b0163f001c5610d6cb', 0, false);
INSERT INTO public."BoxItems" ("BoxItemId", "BoxItemName", "BoxItemDescription", "BoxItemEyes", "BoxItemColor", "AverageRating", "BoxId", "ImageUrl", "NumOfVote", "IsSecret") VALUES (135, 'Panda White TOYCITY', 'Panda White TOYCITY', 'Normal', 'WHITE', 0, 106, 'https://cloud.appwrite.io/v1/storage/buckets/67b01654001d8ae97462/files/67e6eb8b459d8db51cb8/view?project=67b0163f001c5610d6cb', 0, false);
INSERT INTO public."BoxItems" ("BoxItemId", "BoxItemName", "BoxItemDescription", "BoxItemEyes", "BoxItemColor", "AverageRating", "BoxId", "ImageUrl", "NumOfVote", "IsSecret") VALUES (137, 'SKULLPANDA 6', 'SKULLPANDA The Sound Series Figures 6', 'Hidden', 'Dark Green', 0, 102, 'https://cloud.appwrite.io/v1/storage/buckets/67b01654001d8ae97462/files/67e6ecea35e01bfee800/view?project=67b0163f001c5610d6cb', 0, false);
INSERT INTO public."BoxItems" ("BoxItemId", "BoxItemName", "BoxItemDescription", "BoxItemEyes", "BoxItemColor", "AverageRating", "BoxId", "ImageUrl", "NumOfVote", "IsSecret") VALUES (138, 'Anya 1', 'Spy × Family Anya''s Daily Life Series Figures', 'Green', 'Pink', 0, 107, 'https://cloud.appwrite.io/v1/storage/buckets/67b01654001d8ae97462/files/67e6ee3c0f8e3b648362/view?project=67b0163f001c5610d6cb', 0, false);
INSERT INTO public."BoxItems" ("BoxItemId", "BoxItemName", "BoxItemDescription", "BoxItemEyes", "BoxItemColor", "AverageRating", "BoxId", "ImageUrl", "NumOfVote", "IsSecret") VALUES (149, 'DIMOO 2', 'DIMOO Weaving Wonders Series Figures 2', 'Sleep', 'Night', 0, 109, 'https://cloud.appwrite.io/v1/storage/buckets/67b01654001d8ae97462/files/67e6f5ca55f3e01e9f31/view?project=67b0163f001c5610d6cb', 0, false);
INSERT INTO public."BoxItems" ("BoxItemId", "BoxItemName", "BoxItemDescription", "BoxItemEyes", "BoxItemColor", "AverageRating", "BoxId", "ImageUrl", "NumOfVote", "IsSecret") VALUES (150, 'DIMOO 3', 'DIMOO Weaving Wonders Series Figures 3', 'Star', 'Night Star', 0, 109, 'https://cloud.appwrite.io/v1/storage/buckets/67b01654001d8ae97462/files/67e6f5e4051da0d7497c/view?project=67b0163f001c5610d6cb', 0, false);
INSERT INTO public."BoxItems" ("BoxItemId", "BoxItemName", "BoxItemDescription", "BoxItemEyes", "BoxItemColor", "AverageRating", "BoxId", "ImageUrl", "NumOfVote", "IsSecret") VALUES (136, 'PANDA TIRED TOYCITY', 'PANDA TIRED TOYCITY', 'Tired', 'Green', 5, 106, 'https://cloud.appwrite.io/v1/storage/buckets/67b01654001d8ae97462/files/67e6eba3983ecccf8070/view?project=67b0163f001c5610d6cb', 1, true);
INSERT INTO public."BoxItems" ("BoxItemId", "BoxItemName", "BoxItemDescription", "BoxItemEyes", "BoxItemColor", "AverageRating", "BoxId", "ImageUrl", "NumOfVote", "IsSecret") VALUES (141, 'Anya 4', 'Spy × Family Anya''s Daily Life Series Figures', 'Sleepy', 'Pink x Blue', 0, 107, 'https://cloud.appwrite.io/v1/storage/buckets/67b01654001d8ae97462/files/67e6eea3080c32f1fc6e/view?project=67b0163f001c5610d6cb', 0, false);
INSERT INTO public."BoxItems" ("BoxItemId", "BoxItemName", "BoxItemDescription", "BoxItemEyes", "BoxItemColor", "AverageRating", "BoxId", "ImageUrl", "NumOfVote", "IsSecret") VALUES (144, 'Faya Magic', 'Faya Magic in his wizard form', 'Green', 'Black', 0, 104, 'https://cloud.appwrite.io/v1/storage/buckets/67b01654001d8ae97462/files/67e6f4ebd7e695567543/view?project=67b0163f001c5610d6cb', 0, false);
INSERT INTO public."BoxItems" ("BoxItemId", "BoxItemName", "BoxItemDescription", "BoxItemEyes", "BoxItemColor", "AverageRating", "BoxId", "ImageUrl", "NumOfVote", "IsSecret") VALUES (145, 'Faya wizard cunning', 'Faya, a cunning wizard, weaves spells with fiery precision, commanding flames to dance at his fingertips effortlessly.', 'Black', 'Black', 0, 104, 'https://cloud.appwrite.io/v1/storage/buckets/67b01654001d8ae97462/files/67e6f54cc96e58dd214a/view?project=67b0163f001c5610d6cb', 0, false);
INSERT INTO public."BoxItems" ("BoxItemId", "BoxItemName", "BoxItemDescription", "BoxItemEyes", "BoxItemColor", "AverageRating", "BoxId", "ImageUrl", "NumOfVote", "IsSecret") VALUES (147, 'DIMOO 1', 'DIMOO Weaving Wonders Series Figures', 'Happy', 'Gold', 0, 109, 'https://cloud.appwrite.io/v1/storage/buckets/67b01654001d8ae97462/files/67e6f5add96f2675d3ee/view?project=67b0163f001c5610d6cb', 0, false);
INSERT INTO public."BoxItems" ("BoxItemId", "BoxItemName", "BoxItemDescription", "BoxItemEyes", "BoxItemColor", "AverageRating", "BoxId", "ImageUrl", "NumOfVote", "IsSecret") VALUES (148, 'Faya wizard 3', 'Faya, the flame-hearted wizard, bends nature’s fury, turning storms into blazing spectacles of arcane might.', 'Red', 'Pale Green', 0, 104, 'https://cloud.appwrite.io/v1/storage/buckets/67b01654001d8ae97462/files/67e6f5a4d8a373ee35ec/view?project=67b0163f001c5610d6cb', 0, false);
INSERT INTO public."BoxItems" ("BoxItemId", "BoxItemName", "BoxItemDescription", "BoxItemEyes", "BoxItemColor", "AverageRating", "BoxId", "ImageUrl", "NumOfVote", "IsSecret") VALUES (152, 'Faya wizard so cute', 'Faya, master of ember and ash, crafts illusions and destruction, a wizard feared and revered alike.', 'Pink', 'Pink', 0, 104, 'https://cloud.appwrite.io/v1/storage/buckets/67b01654001d8ae97462/files/67e6f5fca57191719827/view?project=67b0163f001c5610d6cb', 0, false);
INSERT INTO public."BoxItems" ("BoxItemId", "BoxItemName", "BoxItemDescription", "BoxItemEyes", "BoxItemColor", "AverageRating", "BoxId", "ImageUrl", "NumOfVote", "IsSecret") VALUES (153, 'DIMOO 5', 'DIMOO Weaving Wonders Series Figures', 'Sleep', 'Light', 0, 109, 'https://cloud.appwrite.io/v1/storage/buckets/67b01654001d8ae97462/files/67e6f61a77c12e26127f/view?project=67b0163f001c5610d6cb', 0, false);
INSERT INTO public."BoxItems" ("BoxItemId", "BoxItemName", "BoxItemDescription", "BoxItemEyes", "BoxItemColor", "AverageRating", "BoxId", "ImageUrl", "NumOfVote", "IsSecret") VALUES (155, 'Faya Kingdom 1', 'With a icy gaze, Faya commands winter’s might, a blindbox treasure from the Ständchen Snow Kingdom tale.', 'Black', 'Red', 0, 103, 'https://cloud.appwrite.io/v1/storage/buckets/67b01654001d8ae97462/files/67e6f66c5f8b39bca295/view?project=67b0163f001c5610d6cb', 0, false);
INSERT INTO public."BoxItems" ("BoxItemId", "BoxItemName", "BoxItemDescription", "BoxItemEyes", "BoxItemColor", "AverageRating", "BoxId", "ImageUrl", "NumOfVote", "IsSecret") VALUES (143, 'Anya 6', 'Spy × Family Anya''s Daily Life Series Figures', 'Suprised', 'Pink', 5, 107, 'https://cloud.appwrite.io/v1/storage/buckets/67b01654001d8ae97462/files/67e6eedf337049f0dfda/view?project=67b0163f001c5610d6cb', 1, false);
INSERT INTO public."BoxItems" ("BoxItemId", "BoxItemName", "BoxItemDescription", "BoxItemEyes", "BoxItemColor", "AverageRating", "BoxId", "ImageUrl", "NumOfVote", "IsSecret") VALUES (124, 'Kuromi', 'Kuromi', 'cry', 'black', 2, 99, 'https://cloud.appwrite.io/v1/storage/buckets/67b01654001d8ae97462/files/67e6e854d37b97156ad3/view?project=67b0163f001c5610d6cb', 2, false);
INSERT INTO public."BoxItems" ("BoxItemId", "BoxItemName", "BoxItemDescription", "BoxItemEyes", "BoxItemColor", "AverageRating", "BoxId", "ImageUrl", "NumOfVote", "IsSecret") VALUES (140, 'Anya 3', 'Spy × Family Anya''s Daily Life Series Figures', 'Crying', 'Pink', 5, 107, 'https://cloud.appwrite.io/v1/storage/buckets/67b01654001d8ae97462/files/67e6ee8a74503596bcb1/view?project=67b0163f001c5610d6cb', 1, true);
INSERT INTO public."BoxItems" ("BoxItemId", "BoxItemName", "BoxItemDescription", "BoxItemEyes", "BoxItemColor", "AverageRating", "BoxId", "ImageUrl", "NumOfVote", "IsSecret") VALUES (142, 'Anya 5', 'Spy × Family Anya''s Daily Life Series Figures', 'Hilarious', 'Pink', 4, 107, 'https://cloud.appwrite.io/v1/storage/buckets/67b01654001d8ae97462/files/67e6eec6142daf20656d/view?project=67b0163f001c5610d6cb', 1, false);
INSERT INTO public."BoxItems" ("BoxItemId", "BoxItemName", "BoxItemDescription", "BoxItemEyes", "BoxItemColor", "AverageRating", "BoxId", "ImageUrl", "NumOfVote", "IsSecret") VALUES (127, 'SKULLPANDA 1', 'SKULLPANDA The Sound Series Figures First', 'Pink Gradient', 'Pink', 5, 102, 'https://cloud.appwrite.io/v1/storage/buckets/67b01654001d8ae97462/files/67e6e975422d1b3c4ae0/view?project=67b0163f001c5610d6cb', 1, true);
INSERT INTO public."BoxItems" ("BoxItemId", "BoxItemName", "BoxItemDescription", "BoxItemEyes", "BoxItemColor", "AverageRating", "BoxId", "ImageUrl", "NumOfVote", "IsSecret") VALUES (131, 'SKULLPANDA 3', 'SKULLPANDA The Sound Series Figures 3', 'Orange', 'Green x Orange', 4, 102, 'https://cloud.appwrite.io/v1/storage/buckets/67b01654001d8ae97462/files/67e6ea8400503b18ac07/view?project=67b0163f001c5610d6cb', 1, false);
INSERT INTO public."BoxItems" ("BoxItemId", "BoxItemName", "BoxItemDescription", "BoxItemEyes", "BoxItemColor", "AverageRating", "BoxId", "ImageUrl", "NumOfVote", "IsSecret") VALUES (132, 'SKULLPANDA 4', 'SKULLPANDA The Sound Series Figures 4', 'Black', 'Golden x Black', 4, 102, 'https://cloud.appwrite.io/v1/storage/buckets/67b01654001d8ae97462/files/67e6eab74cd424a4eee2/view?project=67b0163f001c5610d6cb', 1, false);
INSERT INTO public."BoxItems" ("BoxItemId", "BoxItemName", "BoxItemDescription", "BoxItemEyes", "BoxItemColor", "AverageRating", "BoxId", "ImageUrl", "NumOfVote", "IsSecret") VALUES (130, 'SKULLPANDA 2', 'SKULLPANDA The Sound Series Figures 2', 'red gradient', 'Pink Red', 4, 102, 'https://cloud.appwrite.io/v1/storage/buckets/67b01654001d8ae97462/files/67e6ea5f112f0219f659/view?project=67b0163f001c5610d6cb', 1, false);
INSERT INTO public."BoxItems" ("BoxItemId", "BoxItemName", "BoxItemDescription", "BoxItemEyes", "BoxItemColor", "AverageRating", "BoxId", "ImageUrl", "NumOfVote", "IsSecret") VALUES (151, 'DIMOO 4', 'DIMOO Weaving Wonders Series Figures 4', 'Lucky', 'Lucky', 5, 109, 'https://cloud.appwrite.io/v1/storage/buckets/67b01654001d8ae97462/files/67e6f5fd7576f8f5e8c1/view?project=67b0163f001c5610d6cb', 1, true);
INSERT INTO public."BoxItems" ("BoxItemId", "BoxItemName", "BoxItemDescription", "BoxItemEyes", "BoxItemColor", "AverageRating", "BoxId", "ImageUrl", "NumOfVote", "IsSecret") VALUES (154, 'DIMOO 6', 'DIMOO Weaving Wonders Series Figures 6', 'Bear Cute', 'Brown', 5, 109, 'https://cloud.appwrite.io/v1/storage/buckets/67b01654001d8ae97462/files/67e6f63b833abd066f18/view?project=67b0163f001c5610d6cb', 1, false);
INSERT INTO public."BoxItems" ("BoxItemId", "BoxItemName", "BoxItemDescription", "BoxItemEyes", "BoxItemColor", "AverageRating", "BoxId", "ImageUrl", "NumOfVote", "IsSecret") VALUES (146, 'Faya 3', 'Cloaked in mystery, Faya conjures ancient magic, his staff glowing with power drawn from forgotten realms.', 'Blue', 'White', 5, 104, 'https://cloud.appwrite.io/v1/storage/buckets/67b01654001d8ae97462/files/67e6f5798e6cffc68597/view?project=67b0163f001c5610d6cb', 1, true);
INSERT INTO public."BoxItems" ("BoxItemId", "BoxItemName", "BoxItemDescription", "BoxItemEyes", "BoxItemColor", "AverageRating", "BoxId", "ImageUrl", "NumOfVote", "IsSecret") VALUES (156, 'Faya Kingdom 2', 'Faya, Snow Kingdom’s enigmatic wizard, crafts chilling spells, unveiled in HEYONE’s blindbox with frosty finesse.', 'Blue', 'Yellow', 0, 103, 'https://cloud.appwrite.io/v1/storage/buckets/67b01654001d8ae97462/files/67e6f6bca36c73ecba61/view?project=67b0163f001c5610d6cb', 0, true);
INSERT INTO public."BoxItems" ("BoxItemId", "BoxItemName", "BoxItemDescription", "BoxItemEyes", "BoxItemColor", "AverageRating", "BoxId", "ImageUrl", "NumOfVote", "IsSecret") VALUES (158, 'Kingdom 3', 'In the Ständchen series, Faya conjures blizzards, a wizard of snow with secrets hidden in every box.', 'Pale Blue', 'Dark blue', 0, 103, 'https://cloud.appwrite.io/v1/storage/buckets/67b01654001d8ae97462/files/67e6f71fda81965b7155/view?project=67b0163f001c5610d6cb', 0, false);
INSERT INTO public."BoxItems" ("BoxItemId", "BoxItemName", "BoxItemDescription", "BoxItemEyes", "BoxItemColor", "AverageRating", "BoxId", "ImageUrl", "NumOfVote", "IsSecret") VALUES (157, 'Faya soldier', 'Faya, a mystical wizard from the Snow Kingdom, wields frost magic, his icy staff glowing in blindbox glory.', 'Dark blue', 'black', 0, 103, 'https://cloud.appwrite.io/v1/storage/buckets/67b01654001d8ae97462/files/67e6f6dee4d6872e146d/view?project=67b0163f001c5610d6cb', 0, false);
INSERT INTO public."BoxItems" ("BoxItemId", "BoxItemName", "BoxItemDescription", "BoxItemEyes", "BoxItemColor", "AverageRating", "BoxId", "ImageUrl", "NumOfVote", "IsSecret") VALUES (159, 'Faya the great soldier', 'With a icy gaze, Faya commands winter’s might, a blindbox treasure from the Ständchen Snow Kingdom tale.', 'Blue', 'Blue', 0, 103, 'https://cloud.appwrite.io/v1/storage/buckets/67b01654001d8ae97462/files/67e6f757b756e9c7111c/view?project=67b0163f001c5610d6cb', 0, false);
INSERT INTO public."BoxItems" ("BoxItemId", "BoxItemName", "BoxItemDescription", "BoxItemEyes", "BoxItemColor", "AverageRating", "BoxId", "ImageUrl", "NumOfVote", "IsSecret") VALUES (160, 'MIMI 1', 'MIMI Neo, inspired by Chinese style, embodies elegance and grace, blending traditional beauty with modern design in Records of Splendor.', 'Red', 'White', 0, 101, 'https://cloud.appwrite.io/v1/storage/buckets/67b01654001d8ae97462/files/67e6f82b9d9cf2aaa8af/view?project=67b0163f001c5610d6cb', 0, true);
INSERT INTO public."BoxItems" ("BoxItemId", "BoxItemName", "BoxItemDescription", "BoxItemEyes", "BoxItemColor", "AverageRating", "BoxId", "ImageUrl", "NumOfVote", "IsSecret") VALUES (161, 'Mimi 2', 'MIMI Neo captures the essence of Chinese culture, featuring intricate details and vibrant colors, perfect for collectors and art lovers.', 'Red', 'Blue', 0, 101, 'https://cloud.appwrite.io/v1/storage/buckets/67b01654001d8ae97462/files/67e6f84f364db0901af9/view?project=67b0163f001c5610d6cb', 0, false);
INSERT INTO public."BoxItems" ("BoxItemId", "BoxItemName", "BoxItemDescription", "BoxItemEyes", "BoxItemColor", "AverageRating", "BoxId", "ImageUrl", "NumOfVote", "IsSecret") VALUES (162, 'Mimi fighting style', 'The MIMI Neo character showcases exquisite Chinese artistry, celebrating historical beauty with delicate features and a captivating design in Records of Splendor', 'Red', 'White', 0, 101, 'https://cloud.appwrite.io/v1/storage/buckets/67b01654001d8ae97462/files/67e6f8656fad16233400/view?project=67b0163f001c5610d6cb', 0, false);
INSERT INTO public."BoxItems" ("BoxItemId", "BoxItemName", "BoxItemDescription", "BoxItemEyes", "BoxItemColor", "AverageRating", "BoxId", "ImageUrl", "NumOfVote", "IsSecret") VALUES (163, 'Mimi chinese', 'MIMI Neo blends ancient Chinese motifs with a contemporary twist, making her a unique and charming collectible in Records of Splendor.', 'Black', 'White', 0, 101, 'https://cloud.appwrite.io/v1/storage/buckets/67b01654001d8ae97462/files/67e6f8a0061b7271f1a7/view?project=67b0163f001c5610d6cb', 0, false);
INSERT INTO public."BoxItems" ("BoxItemId", "BoxItemName", "BoxItemDescription", "BoxItemEyes", "BoxItemColor", "AverageRating", "BoxId", "ImageUrl", "NumOfVote", "IsSecret") VALUES (164, 'Wumi chinese', 'MIMI Neo from Records of Splendor radiates elegance, combining rich Chinese cultural elements with modern flair for a striking collectible.', 'Red Pink', 'Red', 0, 101, 'https://cloud.appwrite.io/v1/storage/buckets/67b01654001d8ae97462/files/67e6f8c8040b3ef74965/view?project=67b0163f001c5610d6cb', 0, false);
INSERT INTO public."BoxItems" ("BoxItemId", "BoxItemName", "BoxItemDescription", "BoxItemEyes", "BoxItemColor", "AverageRating", "BoxId", "ImageUrl", "NumOfVote", "IsSecret") VALUES (165, 'Mimi chill', 'MIMI Neo from Records of Splendor radiates elegance, combining rich Chinese cultural elements with modern flair for a striking collectible.', 'Blue', 'White', 0, 100, 'https://cloud.appwrite.io/v1/storage/buckets/67b01654001d8ae97462/files/67e6f9815dc45c2021e4/view?project=67b0163f001c5610d6cb', 0, false);
INSERT INTO public."BoxItems" ("BoxItemId", "BoxItemName", "BoxItemDescription", "BoxItemEyes", "BoxItemColor", "AverageRating", "BoxId", "ImageUrl", "NumOfVote", "IsSecret") VALUES (166, 'Chill girl Mimi', 'The Mimi Leisurely Elf vinyl doll plush features a cute, carefree character, perfect for collectors seeking a touch of magic.', 'White', 'Black', 0, 100, 'https://cloud.appwrite.io/v1/storage/buckets/67b01654001d8ae97462/files/67e6f9ae6a4f33675d85/view?project=67b0163f001c5610d6cb', 0, false);
INSERT INTO public."BoxItems" ("BoxItemId", "BoxItemName", "BoxItemDescription", "BoxItemEyes", "BoxItemColor", "AverageRating", "BoxId", "ImageUrl", "NumOfVote", "IsSecret") VALUES (168, 'Mimi leisure', 'Mimi Leisurely Elf vinyl doll plush is a whimsical collectible, blending adorable plush softness with stylish vinyl details in BlindBox.', 'Green', 'Green', 0, 100, 'https://cloud.appwrite.io/v1/storage/buckets/67b01654001d8ae97462/files/67e6fb2c4439dd4a0786/view?project=67b0163f001c5610d6cb', 0, false);
INSERT INTO public."BoxItems" ("BoxItemId", "BoxItemName", "BoxItemDescription", "BoxItemEyes", "BoxItemColor", "AverageRating", "BoxId", "ImageUrl", "NumOfVote", "IsSecret") VALUES (169, 'Mimi hanking', 'The Mimi Leisurely Elf BlindBox vinyl doll plush offers an enchanting design, capturing the essence of a playful, laid-back spirit.', 'Green', 'Blue', 0, 100, 'https://cloud.appwrite.io/v1/storage/buckets/67b01654001d8ae97462/files/67e6fb549639cd7706c9/view?project=67b0163f001c5610d6cb', 0, false);
INSERT INTO public."BoxItems" ("BoxItemId", "BoxItemName", "BoxItemDescription", "BoxItemEyes", "BoxItemColor", "AverageRating", "BoxId", "ImageUrl", "NumOfVote", "IsSecret") VALUES (170, 'Mimi 2 chill', 'MIMI Neo captures the essence of Chinese culture, featuring intricate details and vibrant colors, perfect for collectors and art lovers.', 'Brown', 'Brown', 0, 100, 'https://cloud.appwrite.io/v1/storage/buckets/67b01654001d8ae97462/files/67e6fb7f471e3916c095/view?project=67b0163f001c5610d6cb', 0, false);
INSERT INTO public."BoxItems" ("BoxItemId", "BoxItemName", "BoxItemDescription", "BoxItemEyes", "BoxItemColor", "AverageRating", "BoxId", "ImageUrl", "NumOfVote", "IsSecret") VALUES (139, 'Anya 2', 'Spy × Family Anya''s Daily Life Series Figures', 'Happy', 'Pink', 4, 107, 'https://cloud.appwrite.io/v1/storage/buckets/67b01654001d8ae97462/files/67e6ee5c0dc70847d40c/view?project=67b0163f001c5610d6cb', 1, false);
INSERT INTO public."BoxItems" ("BoxItemId", "BoxItemName", "BoxItemDescription", "BoxItemEyes", "BoxItemColor", "AverageRating", "BoxId", "ImageUrl", "NumOfVote", "IsSecret") VALUES (167, 'Mimi 3', 'Mimi Leisurely Elf combines soft plush texture and vinyl charm, creating a delightful and unique collectible for every fan.', 'Green', 'Black', 5, 100, 'https://cloud.appwrite.io/v1/storage/buckets/67b01654001d8ae97462/files/67e6f9f178943a09ef17/view?project=67b0163f001c5610d6cb', 1, true);


--
-- TOC entry 4734 (class 0 OID 16847)
-- Dependencies: 256
-- Data for Name: BoxOptions; Type: TABLE DATA; Schema: public; Owner: -
--

INSERT INTO public."BoxOptions" ("BoxOptionId", "BoxId", "BoxOptionName", "OriginPrice", "DisplayPrice", "BoxOptionStock", "IsDeleted", "IsOnlineSerieBox", "Rating") VALUES (128, 99, '1 box', 200000, 280000, 100, false, false, 0);
INSERT INTO public."BoxOptions" ("BoxOptionId", "BoxId", "BoxOptionName", "OriginPrice", "DisplayPrice", "BoxOptionStock", "IsDeleted", "IsOnlineSerieBox", "Rating") VALUES (129, 99, '8 box', 1500000, 2000000, 20, false, false, 0);
INSERT INTO public."BoxOptions" ("BoxOptionId", "BoxId", "BoxOptionName", "OriginPrice", "DisplayPrice", "BoxOptionStock", "IsDeleted", "IsOnlineSerieBox", "Rating") VALUES (131, 105, '1 box', 300000, 380000, 100, false, false, 0);
INSERT INTO public."BoxOptions" ("BoxOptionId", "BoxId", "BoxOptionName", "OriginPrice", "DisplayPrice", "BoxOptionStock", "IsDeleted", "IsOnlineSerieBox", "Rating") VALUES (132, 105, '4 box', 1000000, 1520000, 20, false, false, 0);
INSERT INTO public."BoxOptions" ("BoxOptionId", "BoxId", "BoxOptionName", "OriginPrice", "DisplayPrice", "BoxOptionStock", "IsDeleted", "IsOnlineSerieBox", "Rating") VALUES (133, 100, 'Full Set', 1000000, 3200000, 100, false, false, 0);
INSERT INTO public."BoxOptions" ("BoxOptionId", "BoxId", "BoxOptionName", "OriginPrice", "DisplayPrice", "BoxOptionStock", "IsDeleted", "IsOnlineSerieBox", "Rating") VALUES (134, 102, ' Whole Set (8 boxes)', 3700000, 3360000, 20, false, false, 0);
INSERT INTO public."BoxOptions" ("BoxOptionId", "BoxId", "BoxOptionName", "OriginPrice", "DisplayPrice", "BoxOptionStock", "IsDeleted", "IsOnlineSerieBox", "Rating") VALUES (136, 102, '1 box', 300000, 280000, 100, false, false, 0);
INSERT INTO public."BoxOptions" ("BoxOptionId", "BoxId", "BoxOptionName", "OriginPrice", "DisplayPrice", "BoxOptionStock", "IsDeleted", "IsOnlineSerieBox", "Rating") VALUES (152, 109, 'Single Box', 269000, 280000, 29, false, false, 4);
INSERT INTO public."BoxOptions" ("BoxOptionId", "BoxId", "BoxOptionName", "OriginPrice", "DisplayPrice", "BoxOptionStock", "IsDeleted", "IsOnlineSerieBox", "Rating") VALUES (139, 104, 'Set Box', 2000000, 4000000, 100, false, false, 0);
INSERT INTO public."BoxOptions" ("BoxOptionId", "BoxId", "BoxOptionName", "OriginPrice", "DisplayPrice", "BoxOptionStock", "IsDeleted", "IsOnlineSerieBox", "Rating") VALUES (150, 109, 'DIMOO Weaving Wonders ', 280000, 557798, 20, false, true, 0);
INSERT INTO public."BoxOptions" ("BoxOptionId", "BoxId", "BoxOptionName", "OriginPrice", "DisplayPrice", "BoxOptionStock", "IsDeleted", "IsOnlineSerieBox", "Rating") VALUES (145, 103, 'Set Box', 2500000, 4500000, 100, false, false, 0);
INSERT INTO public."BoxOptions" ("BoxOptionId", "BoxId", "BoxOptionName", "OriginPrice", "DisplayPrice", "BoxOptionStock", "IsDeleted", "IsOnlineSerieBox", "Rating") VALUES (147, 103, 'Normal Box', 100000, 150000, 100, false, false, 0);
INSERT INTO public."BoxOptions" ("BoxOptionId", "BoxId", "BoxOptionName", "OriginPrice", "DisplayPrice", "BoxOptionStock", "IsDeleted", "IsOnlineSerieBox", "Rating") VALUES (148, 100, 'Set Box', 2500000, 4500000, 100, false, false, 0);
INSERT INTO public."BoxOptions" ("BoxOptionId", "BoxId", "BoxOptionName", "OriginPrice", "DisplayPrice", "BoxOptionStock", "IsDeleted", "IsOnlineSerieBox", "Rating") VALUES (151, 109, 'Set ( 6 boxes )', 1800000, 1690000, 30, false, false, 0);
INSERT INTO public."BoxOptions" ("BoxOptionId", "BoxId", "BoxOptionName", "OriginPrice", "DisplayPrice", "BoxOptionStock", "IsDeleted", "IsOnlineSerieBox", "Rating") VALUES (141, 107, 'Set ( 6 boxes )', 1890000, 1680000, 19, false, false, 0);
INSERT INTO public."BoxOptions" ("BoxOptionId", "BoxId", "BoxOptionName", "OriginPrice", "DisplayPrice", "BoxOptionStock", "IsDeleted", "IsOnlineSerieBox", "Rating") VALUES (130, 100, 'Normal Box', 100000, 320000, 95, false, false, 0);
INSERT INTO public."BoxOptions" ("BoxOptionId", "BoxId", "BoxOptionName", "OriginPrice", "DisplayPrice", "BoxOptionStock", "IsDeleted", "IsOnlineSerieBox", "Rating") VALUES (137, 106, '1 box', 250000, 320000, 95, false, false, 5);
INSERT INTO public."BoxOptions" ("BoxOptionId", "BoxId", "BoxOptionName", "OriginPrice", "DisplayPrice", "BoxOptionStock", "IsDeleted", "IsOnlineSerieBox", "Rating") VALUES (149, 101, 'Normal', 130000, 200000, 100, false, false, 0);
INSERT INTO public."BoxOptions" ("BoxOptionId", "BoxId", "BoxOptionName", "OriginPrice", "DisplayPrice", "BoxOptionStock", "IsDeleted", "IsOnlineSerieBox", "Rating") VALUES (135, 104, 'Single Box', 120000, 400000, 100, false, false, 0);
INSERT INTO public."BoxOptions" ("BoxOptionId", "BoxId", "BoxOptionName", "OriginPrice", "DisplayPrice", "BoxOptionStock", "IsDeleted", "IsOnlineSerieBox", "Rating") VALUES (146, 107, 'Spy × Family Anya''s Daily Life', 280000, 200000, 30, false, true, 0);
INSERT INTO public."BoxOptions" ("BoxOptionId", "BoxId", "BoxOptionName", "OriginPrice", "DisplayPrice", "BoxOptionStock", "IsDeleted", "IsOnlineSerieBox", "Rating") VALUES (154, 101, 'Mimi chinese online box', 130000, 287300, 50, false, true, 0);
INSERT INTO public."BoxOptions" ("BoxOptionId", "BoxId", "BoxOptionName", "OriginPrice", "DisplayPrice", "BoxOptionStock", "IsDeleted", "IsOnlineSerieBox", "Rating") VALUES (140, 102, 'SKULLPANDA The Sound Series', 280000, 420312, 30, false, true, 0);
INSERT INTO public."BoxOptions" ("BoxOptionId", "BoxId", "BoxOptionName", "OriginPrice", "DisplayPrice", "BoxOptionStock", "IsDeleted", "IsOnlineSerieBox", "Rating") VALUES (153, 100, 'Mimi Online limited box', 100000, 311040, 50, false, true, 0);
INSERT INTO public."BoxOptions" ("BoxOptionId", "BoxId", "BoxOptionName", "OriginPrice", "DisplayPrice", "BoxOptionStock", "IsDeleted", "IsOnlineSerieBox", "Rating") VALUES (143, 108, 'Set ( 6 boxes )', 1800000, 2000000, 14, false, false, 0);
INSERT INTO public."BoxOptions" ("BoxOptionId", "BoxId", "BoxOptionName", "OriginPrice", "DisplayPrice", "BoxOptionStock", "IsDeleted", "IsOnlineSerieBox", "Rating") VALUES (144, 108, 'Single Box', 270000, 230000, 298, false, false, 0);
INSERT INTO public."BoxOptions" ("BoxOptionId", "BoxId", "BoxOptionName", "OriginPrice", "DisplayPrice", "BoxOptionStock", "IsDeleted", "IsOnlineSerieBox", "Rating") VALUES (138, 106, '6 box', 1300000, 1920000, 19, false, false, 0);
INSERT INTO public."BoxOptions" ("BoxOptionId", "BoxId", "BoxOptionName", "OriginPrice", "DisplayPrice", "BoxOptionStock", "IsDeleted", "IsOnlineSerieBox", "Rating") VALUES (142, 107, 'Single Box', 320000, 280000, 96, false, false, 4.3333335);


--
-- TOC entry 4703 (class 0 OID 16478)
-- Dependencies: 225
-- Data for Name: Boxes; Type: TABLE DATA; Schema: public; Owner: -
--

INSERT INTO public."Boxes" ("BoxId", "BoxName", "BoxDescription", "BrandId", "IsDeleted", "SoldQuantity", "Rating") VALUES (99, 'Kuromi - The Witch''s Feast Blind Box Series TOPTOY', '-"Blindbox" có nghĩa là khách hàng không thể xác định chính xác sản phẩm nào trong bộ sản phẩm mà khách hàng mua trước khi mở hộp. Phiên bản thông thường sẽ được thay thế nếu phiên bản Secret xuất hiện nếu bạn mua cả bộ ( whole box ) -Chúng tôi không thể đảm bảo bạn sẽ nhận được con Secret : Số lượng sản phẩm trong mỗi sê-ri khác nhau và việc nhận được phiên bản secret hoàn toàn ngẫu nhiên. -Chúng tôi cũng không thể đảm bảo bạn sẽ nhận được sản phẩm cụ thể : Sản phẩm bạn nhận được là ngẫu nhiên và cửa hàng không thể xác định trước sản phẩm nào bạn sẽ nhận được. -Khách hàng phải cẩn thận lựa chọn sản phẩm hoặc loạt hộp mù mà họ muốn mua. Chúng tôi không hoàn lại tiền hoặc thay thế sản phẩm khi bạn thay đổi ý định mua hàng sau khi đã unbox -- Sản phẩm lỗi : Hàng hộp mù là đồ chơi thiết kế bị hạn chế bởi công nghệ vào sản xuất thủ công. Các khuyết điểm nhỏ như màu không đều, trầy xước nhẹ, sơn rơi hoặc bong bóng , khô keo là bình thường; nếu có khuyết điểm nghiêm trọng vui lòng liên hệ với cửa hàng -- Thẻ & Phụ kiện: Nếu thẻ bên trong hộp không khớp với sản phẩm, chúng tôi sẽ bổ sung thẻ đúng tương ứng với sản phẩm và thu hồi thẻ gốc. -Sản phẩm hàng hóa sẽ phải được trao đổi với cửa hàng trong vòng 15 ngày kể từ ngày mua hàng . -Cửa hàng rất tiếc nếu quý khách hàng gặp phải các sản phẩm lỗi , vì tính chất hàng hóa là hộp mù và cửa hàng chỉ là đại lý ủy quyền từ các nhãn hàng sản xuất nên không thể kiểm tra được hàng hóa . Không cố tình bán hàng lỗi cho quý khách .', 24, false, 0, 0);
INSERT INTO public."Boxes" ("BoxId", "BoxName", "BoxDescription", "BrandId", "IsDeleted", "SoldQuantity", "Rating") VALUES (103, 'FAYA-Ständchen of Snow Kingdom BlindBox Series', '1. Hộp đơn : Đối với box lẻ vì đây là blindbox ( hộp mù ) ngẫu nhiên người mua sẽ không xác định được bên trong là gì nhưng khi mua nhiều sản phẩm trên cùng 1 đơn hàng thì sẽ không bị trùng mẫu , có tỷ lệ mở ra SECRET

2. Toàn bộ hộp: Đối với nguyên set (không trùng), có tỷ lệ mở ra SECRET ', 23, false, 0, 0);
INSERT INTO public."Boxes" ("BoxId", "BoxName", "BoxDescription", "BrandId", "IsDeleted", "SoldQuantity", "Rating") VALUES (105, 'TOPTOY The Powerpuff Girls Cloak Doll Series Blind Box', ' THÔNG TIN CHI TIẾT :

1. Hộp đơn : Đối với box lẻ vì đây là blindbox ( hộp mù ) ngẫu nhiên người mua sẽ không xác định được bên trong là gì nhưng khi mua nhiều sản phẩm trên cùng 1 đơn hàng thì sẽ không bị trùng mẫu , có tỷ lệ mở ra SECRET

2. Toàn bộ hộp: Đối với nguyên set (không trùng), có tỷ lệ mở ra SECRET 

SECRET là mẫu hiếm ( mẫu ẩn được làm mờ hoặc tô đen trên hộp )

→  DỊCH VỤ KHÁCH HÀNG :

Mọi thắc mắc sau bán hàng, vui lòng liên hệ với bộ phận chăm sóc khách hàng

Do các phương pháp đo khác nhau, kết quả đo sẽ có sai số từ 1-3cm, thuộc phạm vi bình thường', 24, false, 0, 0);
INSERT INTO public."Boxes" ("BoxId", "BoxName", "BoxDescription", "BrandId", "IsDeleted", "SoldQuantity", "Rating") VALUES (104, 'Blindbox FAYA MAGIC&SOUL Heyone', '-"Blindbox" có nghĩa là khách hàng không thể xác định chính xác sản phẩm nào trong bộ sản phẩm mà khách hàng mua trước khi mở hộp. Phiên bản thông thường sẽ được thay thế nếu phiên bản Secret xuất hiện nếu bạn mua cả bộ ( whole box ) -Chúng tôi không thể đảm bảo bạn sẽ nhận được con Secret : Số lượng sản phẩm trong mỗi sê-ri khác nhau và việc nhận được phiên bản secret hoàn toàn ngẫu nhiên', 23, false, 0, 0);
INSERT INTO public."Boxes" ("BoxId", "BoxName", "BoxDescription", "BrandId", "IsDeleted", "SoldQuantity", "Rating") VALUES (102, 'SKULLPANDA - The Sound Series ', '
Size: Height about 7-11cm
Material: ABS/PVC/Magnet', 19, false, 2, 0);
INSERT INTO public."Boxes" ("BoxId", "BoxName", "BoxDescription", "BrandId", "IsDeleted", "SoldQuantity", "Rating") VALUES (100, 'Mimi Leisurely Elf - Vinyl Doll Plush BlindBox', '1. Hộp đơn : Đối với box lẻ vì đây là blindbox ( hộp mù ) ngẫu nhiên người mua sẽ không xác định được bên trong là gì nhưng khi mua nhiều sản phẩm trên cùng 1 đơn hàng thì sẽ không bị trùng mẫu , có tỷ lệ mở ra SECRET
2. Toàn bộ hộp: Đối với nguyên set (không trùng), có tỷ lệ mở ra SECRET ', 25, false, 8, 0);
INSERT INTO public."Boxes" ("BoxId", "BoxName", "BoxDescription", "BrandId", "IsDeleted", "SoldQuantity", "Rating") VALUES (108, 'Blindbox Yooki V2', 'YOOKI Second Generation Meow Meow Kindergarten Series Plush Blind Box', 27, false, 8, 0);
INSERT INTO public."Boxes" ("BoxId", "BoxName", "BoxDescription", "BrandId", "IsDeleted", "SoldQuantity", "Rating") VALUES (106, 'Blindbox Mr.Pa Animal Vinyl ToyCit', '→ THÔNG TIN SẢN PHẨM :

- TÊN SẢN PHẨM : Blindbox Mr.Pa Animal Vinyl

- THƯƠNG HIỆU : ToyCity

- KÍCH THƯỚC : ~7CM

- NHÂN VẬT : MR.PA

- CHẤT LIỆU SẢN PHẨM : PVC + ABS

- BAO BÌ ĐÓNG GÓI : HỘP MÀU 

- SET 6 BOX ( 6 mẫu cơ bản + 1 mẫu hidden )', 20, false, 6, 5);
INSERT INTO public."Boxes" ("BoxId", "BoxName", "BoxDescription", "BrandId", "IsDeleted", "SoldQuantity", "Rating") VALUES (107, 'Spy × Family Anya''s Daily Life Series Figures', 'Material: PVC/ABS
Size: Height about 3.7-9.7cm', 19, false, 9, 4.3333335);
INSERT INTO public."Boxes" ("BoxId", "BoxName", "BoxDescription", "BrandId", "IsDeleted", "SoldQuantity", "Rating") VALUES (109, 'DIMOO Weaving Wonders Series Figures', 'Size: Height about 7-11cm
Material: PVC/ABS', 19, false, 5, 4);
INSERT INTO public."Boxes" ("BoxId", "BoxName", "BoxDescription", "BrandId", "IsDeleted", "SoldQuantity", "Rating") VALUES (101, 'Blindbox MIMI Neo Chinese style Records of Splendor', '-"Blindbox" có nghĩa là khách hàng không thể xác định chính xác sản phẩm nào trong bộ sản phẩm mà khách hàng mua trước khi mở hộp. Phiên bản thông thường sẽ được thay thế nếu phiên bản Secret xuất hiện nếu bạn mua cả bộ ( whole box ) -Chúng tôi không thể đảm bảo bạn sẽ nhận được con Secret : Số lượng sản phẩm trong mỗi sê-ri khác nhau và việc nhận được phiên bản secret hoàn toàn ngẫu nhiên. -Chúng tôi cũng không thể đảm bảo bạn sẽ nhận được sản phẩm cụ thể : Sản phẩm bạn nhận được là ngẫu nhiên và cửa hàng không thể xác định trước sản phẩm nào bạn sẽ nhận được. -Khách hàng phải cẩn thận lựa chọn sản phẩm hoặc loạt hộp mù mà họ muốn mua. ', 25, false, 2, 0);


--
-- TOC entry 4695 (class 0 OID 16438)
-- Dependencies: 217
-- Data for Name: Brands; Type: TABLE DATA; Schema: public; Owner: -
--

INSERT INTO public."Brands" ("BrandId", "BrandName", "ImageUrl") VALUES (19, 'POPMART', 'https://cloud.appwrite.io/v1/storage/buckets/67b01654001d8ae97462/files/67e6e667e1e3d5495289/view?project=67b0163f001c5610d6cb');
INSERT INTO public."Brands" ("BrandId", "BrandName", "ImageUrl") VALUES (20, 'TOYCITY', 'https://cloud.appwrite.io/v1/storage/buckets/67b01654001d8ae97462/files/67e6e687c66edee21df4/view?project=67b0163f001c5610d6cb');
INSERT INTO public."Brands" ("BrandId", "BrandName", "ImageUrl") VALUES (23, '52TOYS', 'https://cloud.appwrite.io/v1/storage/buckets/67b01654001d8ae97462/files/67e6e6f54de83359a879/view?project=67b0163f001c5610d6cb');
INSERT INTO public."Brands" ("BrandId", "BrandName", "ImageUrl") VALUES (24, 'TOPTOY', 'https://cloud.appwrite.io/v1/storage/buckets/67b01654001d8ae97462/files/67e6e6f6cf8fc0bdec7f/view?project=67b0163f001c5610d6cb');
INSERT INTO public."Brands" ("BrandId", "BrandName", "ImageUrl") VALUES (25, 'HEY ONE', 'https://cloud.appwrite.io/v1/storage/buckets/67b01654001d8ae97462/files/67e6e78e794e42272e60/view?project=67b0163f001c5610d6cb');
INSERT INTO public."Brands" ("BrandId", "BrandName", "ImageUrl") VALUES (27, 'YOOKI', 'https://cloud.appwrite.io/v1/storage/buckets/67b01654001d8ae97462/files/67e6f2371db18e5c935d/view?project=67b0163f001c5610d6cb');


--
-- TOC entry 4735 (class 0 OID 17002)
-- Dependencies: 257
-- Data for Name: CurrentRolledItems; Type: TABLE DATA; Schema: public; Owner: -
--

INSERT INTO public."CurrentRolledItems" ("CurrentRolledItemId", "OnlineSerieBoxId", "BoxItemId", "CreatedAt", "IsDisable") VALUES (224, 140, 132, '2025-03-28 18:47:42.162212+00', false);
INSERT INTO public."CurrentRolledItems" ("CurrentRolledItemId", "OnlineSerieBoxId", "BoxItemId", "CreatedAt", "IsDisable") VALUES (225, 146, 143, '2025-03-28 19:39:49.564995+00', false);
INSERT INTO public."CurrentRolledItems" ("CurrentRolledItemId", "OnlineSerieBoxId", "BoxItemId", "CreatedAt", "IsDisable") VALUES (226, 146, 142, '2025-03-28 19:40:46.223788+00', false);
INSERT INTO public."CurrentRolledItems" ("CurrentRolledItemId", "OnlineSerieBoxId", "BoxItemId", "CreatedAt", "IsDisable") VALUES (227, 146, 140, '2025-03-28 19:41:33.943059+00', false);
INSERT INTO public."CurrentRolledItems" ("CurrentRolledItemId", "OnlineSerieBoxId", "BoxItemId", "CreatedAt", "IsDisable") VALUES (228, 146, 139, '2025-03-28 19:52:40.402619+00', false);
INSERT INTO public."CurrentRolledItems" ("CurrentRolledItemId", "OnlineSerieBoxId", "BoxItemId", "CreatedAt", "IsDisable") VALUES (229, 150, 149, '2025-03-28 19:53:46.516146+00', false);
INSERT INTO public."CurrentRolledItems" ("CurrentRolledItemId", "OnlineSerieBoxId", "BoxItemId", "CreatedAt", "IsDisable") VALUES (230, 150, 153, '2025-03-28 19:54:37.171612+00', false);
INSERT INTO public."CurrentRolledItems" ("CurrentRolledItemId", "OnlineSerieBoxId", "BoxItemId", "CreatedAt", "IsDisable") VALUES (231, 150, 147, '2025-03-28 19:55:25.680857+00', false);
INSERT INTO public."CurrentRolledItems" ("CurrentRolledItemId", "OnlineSerieBoxId", "BoxItemId", "CreatedAt", "IsDisable") VALUES (232, 154, 163, '2025-03-28 21:18:34.61491+00', false);
INSERT INTO public."CurrentRolledItems" ("CurrentRolledItemId", "OnlineSerieBoxId", "BoxItemId", "CreatedAt", "IsDisable") VALUES (233, 154, 162, '2025-03-28 21:19:53.501833+00', false);
INSERT INTO public."CurrentRolledItems" ("CurrentRolledItemId", "OnlineSerieBoxId", "BoxItemId", "CreatedAt", "IsDisable") VALUES (234, 153, 168, '2025-03-28 21:53:33.473308+00', false);
INSERT INTO public."CurrentRolledItems" ("CurrentRolledItemId", "OnlineSerieBoxId", "BoxItemId", "CreatedAt", "IsDisable") VALUES (235, 153, 166, '2025-03-28 21:57:40.533732+00', false);
INSERT INTO public."CurrentRolledItems" ("CurrentRolledItemId", "OnlineSerieBoxId", "BoxItemId", "CreatedAt", "IsDisable") VALUES (236, 140, 137, '2025-03-29 00:17:19.760345+00', false);
INSERT INTO public."CurrentRolledItems" ("CurrentRolledItemId", "OnlineSerieBoxId", "BoxItemId", "CreatedAt", "IsDisable") VALUES (237, 153, 165, '2025-03-29 01:11:38.059795+00', false);
INSERT INTO public."CurrentRolledItems" ("CurrentRolledItemId", "OnlineSerieBoxId", "BoxItemId", "CreatedAt", "IsDisable") VALUES (238, 150, 154, '2025-03-29 02:06:11.809465+00', false);


--
-- TOC entry 4723 (class 0 OID 16699)
-- Dependencies: 245
-- Data for Name: Feedbacks; Type: TABLE DATA; Schema: public; Owner: -
--

INSERT INTO public."Feedbacks" ("FeedbackId", "UserId", "FeedbackContent", "UpdatedAt", "CreatedAt", "ImageUrl", "OrderItemId", "Rating") VALUES (146, 178, 'Blindbox cute dễ thương', '2025-03-28 18:45:48.148+00', '2025-03-28 18:45:48.148+00', '', 640, 5);
INSERT INTO public."Feedbacks" ("FeedbackId", "UserId", "FeedbackContent", "UpdatedAt", "CreatedAt", "ImageUrl", "OrderItemId", "Rating") VALUES (147, 177, 'Anya so cuteeeee', '2025-03-28 19:27:36.403+00', '2025-03-28 19:27:36.403+00', 'https://cloud.appwrite.io/v1/storage/buckets/67b01654001d8ae97462/files/67e6f822c45467cb076d/view?project=67b0163f001c5610d6cb', 643, 5);
INSERT INTO public."Feedbacks" ("FeedbackId", "UserId", "FeedbackContent", "UpdatedAt", "CreatedAt", "ImageUrl", "OrderItemId", "Rating") VALUES (148, 177, 'Anyaaaaaaaaaa', '2025-03-28 19:45:30.278+00', '2025-03-28 19:45:30.278+00', 'https://cloud.appwrite.io/v1/storage/buckets/67b01654001d8ae97462/files/67e6fc573e524aaf7763/view?project=67b0163f001c5610d6cb', 653, 5);
INSERT INTO public."Feedbacks" ("FeedbackId", "UserId", "FeedbackContent", "UpdatedAt", "CreatedAt", "ImageUrl", "OrderItemId", "Rating") VALUES (149, 177, 'Nice but my box is broke', '2025-03-28 19:47:37.636+00', '2025-03-28 19:47:37.636+00', 'https://cloud.appwrite.io/v1/storage/buckets/67b01654001d8ae97462/files/67e6fcd6ce04d45de9bb/view?project=67b0163f001c5610d6cb', 654, 3);
INSERT INTO public."Feedbacks" ("FeedbackId", "UserId", "FeedbackContent", "UpdatedAt", "CreatedAt", "ImageUrl", "OrderItemId", "Rating") VALUES (150, 188, 'cute, đẹp', '2025-03-29 02:03:12.221+00', '2025-03-29 02:03:12.221+00', 'https://cloud.appwrite.io/v1/storage/buckets/67b01654001d8ae97462/files/67e754df1fdc6e8b6c8e/view?project=67b0163f001c5610d6cb', 670, 4);


--
-- TOC entry 4710 (class 0 OID 16548)
-- Dependencies: 232
-- Data for Name: OnlineSerieBoxes; Type: TABLE DATA; Schema: public; Owner: -
--

INSERT INTO public."OnlineSerieBoxes" ("OnlineSerieBoxId", "PriceIncreasePercent", "IsSecretOpen", "Turn", "MaxTurn", "PriceAfterSecret", "IsPublished", "BasePrice", "ImageUrl") VALUES (146, 20, true, 4, 6, 200000, true, 269000, 'https://cloud.appwrite.io/v1/storage/buckets/67b01654001d8ae97462/files/67e6f3864caaf77dca9b/view?project=67b0163f001c5610d6cb');
INSERT INTO public."OnlineSerieBoxes" ("OnlineSerieBoxId", "PriceIncreasePercent", "IsSecretOpen", "Turn", "MaxTurn", "PriceAfterSecret", "IsPublished", "BasePrice", "ImageUrl") VALUES (154, 30, false, 2, 5, 140000, true, 170000, 'https://cloud.appwrite.io/v1/storage/buckets/67b01654001d8ae97462/files/67e6fbc9baa9474d3065/view?project=67b0163f001c5610d6cb');
INSERT INTO public."OnlineSerieBoxes" ("OnlineSerieBoxId", "PriceIncreasePercent", "IsSecretOpen", "Turn", "MaxTurn", "PriceAfterSecret", "IsPublished", "BasePrice", "ImageUrl") VALUES (140, 25, false, 2, 6, 200000, true, 269000, 'https://cloud.appwrite.io/v1/storage/buckets/67b01654001d8ae97462/files/67e6ed199fc0152cc0f4/view?project=67b0163f001c5610d6cb');
INSERT INTO public."OnlineSerieBoxes" ("OnlineSerieBoxId", "PriceIncreasePercent", "IsSecretOpen", "Turn", "MaxTurn", "PriceAfterSecret", "IsPublished", "BasePrice", "ImageUrl") VALUES (153, 20, false, 3, 6, 140000, true, 180000, 'https://cloud.appwrite.io/v1/storage/buckets/67b01654001d8ae97462/files/67e6fa7acc9cc77ad703/view?project=67b0163f001c5610d6cb');
INSERT INTO public."OnlineSerieBoxes" ("OnlineSerieBoxId", "PriceIncreasePercent", "IsSecretOpen", "Turn", "MaxTurn", "PriceAfterSecret", "IsPublished", "BasePrice", "ImageUrl") VALUES (150, 20, false, 4, 6, 200000, true, 269000, 'https://cloud.appwrite.io/v1/storage/buckets/67b01654001d8ae97462/files/67e6f657014f15855c5b/view?project=67b0163f001c5610d6cb');


--
-- TOC entry 4720 (class 0 OID 16664)
-- Dependencies: 242
-- Data for Name: OrderItems; Type: TABLE DATA; Schema: public; Owner: -
--

INSERT INTO public."OrderItems" ("OrderItemId", "OrderId", "Quantity", "OrderPrice", "IsFeedback", "BoxOptionId", "OpenRequestNumber", "OrderStatusCheckCardImage", "NumOfRefund", "UserRolledItemId", "RefundStatus", "Note") VALUES (641, 548, 2, 320000.0, false, 130, 0, '{}', 0, NULL, 'Available', '');
INSERT INTO public."OrderItems" ("OrderItemId", "OrderId", "Quantity", "OrderPrice", "IsFeedback", "BoxOptionId", "OpenRequestNumber", "OrderStatusCheckCardImage", "NumOfRefund", "UserRolledItemId", "RefundStatus", "Note") VALUES (640, 548, 4, 320000.0, true, 137, 4, '{https://cloud.appwrite.io/v1/storage/buckets/67b01654001d8ae97462/files/67e6ed2382b70ecd4493/view?project=67b0163f001c5610d6cb,https://cloud.appwrite.io/v1/storage/buckets/67b01654001d8ae97462/files/67e6ed27590f905b9aa1/view?project=67b0163f001c5610d6cb,https://cloud.appwrite.io/v1/storage/buckets/67b01654001d8ae97462/files/67e6ed2b02097af5fc83/view?project=67b0163f001c5610d6cb}', 0, NULL, 'Available', '');
INSERT INTO public."OrderItems" ("OrderItemId", "OrderId", "Quantity", "OrderPrice", "IsFeedback", "BoxOptionId", "OpenRequestNumber", "OrderStatusCheckCardImage", "NumOfRefund", "UserRolledItemId", "RefundStatus", "Note") VALUES (642, 549, 1, 269000.0, false, 140, 0, '{}', 0, 224, 'Available', '');
INSERT INTO public."OrderItems" ("OrderItemId", "OrderId", "Quantity", "OrderPrice", "IsFeedback", "BoxOptionId", "OpenRequestNumber", "OrderStatusCheckCardImage", "NumOfRefund", "UserRolledItemId", "RefundStatus", "Note") VALUES (643, 550, 1, 280000.0, true, 142, 0, '{}', 0, NULL, 'Available', '');
INSERT INTO public."OrderItems" ("OrderItemId", "OrderId", "Quantity", "OrderPrice", "IsFeedback", "BoxOptionId", "OpenRequestNumber", "OrderStatusCheckCardImage", "NumOfRefund", "UserRolledItemId", "RefundStatus", "Note") VALUES (644, 551, 1, 1680000.0, false, 141, 1, '{https://cloud.appwrite.io/v1/storage/buckets/67b01654001d8ae97462/files/67e6f8ccaedffc8c9f9b/view?project=67b0163f001c5610d6cb,https://cloud.appwrite.io/v1/storage/buckets/67b01654001d8ae97462/files/67e6f8cfe4bd4b70bc0b/view?project=67b0163f001c5610d6cb,https://cloud.appwrite.io/v1/storage/buckets/67b01654001d8ae97462/files/67e6f8d2eb346138bcfc/view?project=67b0163f001c5610d6cb,https://cloud.appwrite.io/v1/storage/buckets/67b01654001d8ae97462/files/67e6f8d4e282733ccae2/view?project=67b0163f001c5610d6cb,https://cloud.appwrite.io/v1/storage/buckets/67b01654001d8ae97462/files/67e6f8d81ddb96f69a01/view?project=67b0163f001c5610d6cb,https://cloud.appwrite.io/v1/storage/buckets/67b01654001d8ae97462/files/67e6f8dac4f5e0571066/view?project=67b0163f001c5610d6cb}', 0, NULL, 'Available', '');
INSERT INTO public."OrderItems" ("OrderItemId", "OrderId", "Quantity", "OrderPrice", "IsFeedback", "BoxOptionId", "OpenRequestNumber", "OrderStatusCheckCardImage", "NumOfRefund", "UserRolledItemId", "RefundStatus", "Note") VALUES (645, 552, 3, 320000, false, 130, 0, NULL, 0, NULL, 'Available', '');
INSERT INTO public."OrderItems" ("OrderItemId", "OrderId", "Quantity", "OrderPrice", "IsFeedback", "BoxOptionId", "OpenRequestNumber", "OrderStatusCheckCardImage", "NumOfRefund", "UserRolledItemId", "RefundStatus", "Note") VALUES (646, 553, 1, 320000, false, 137, 0, NULL, 0, NULL, 'Available', '');
INSERT INTO public."OrderItems" ("OrderItemId", "OrderId", "Quantity", "OrderPrice", "IsFeedback", "BoxOptionId", "OpenRequestNumber", "OrderStatusCheckCardImage", "NumOfRefund", "UserRolledItemId", "RefundStatus", "Note") VALUES (647, 554, 2, 1690000, false, 143, 0, NULL, 0, NULL, 'Available', '');
INSERT INTO public."OrderItems" ("OrderItemId", "OrderId", "Quantity", "OrderPrice", "IsFeedback", "BoxOptionId", "OpenRequestNumber", "OrderStatusCheckCardImage", "NumOfRefund", "UserRolledItemId", "RefundStatus", "Note") VALUES (648, 555, 1, 269000.0, false, 146, 0, '{}', 0, 225, 'Available', '');
INSERT INTO public."OrderItems" ("OrderItemId", "OrderId", "Quantity", "OrderPrice", "IsFeedback", "BoxOptionId", "OpenRequestNumber", "OrderStatusCheckCardImage", "NumOfRefund", "UserRolledItemId", "RefundStatus", "Note") VALUES (649, 556, 1, 322800.0, false, 146, 0, '{}', 0, 226, 'Available', '');
INSERT INTO public."OrderItems" ("OrderItemId", "OrderId", "Quantity", "OrderPrice", "IsFeedback", "BoxOptionId", "OpenRequestNumber", "OrderStatusCheckCardImage", "NumOfRefund", "UserRolledItemId", "RefundStatus", "Note") VALUES (650, 557, 1, 387360.0, false, 146, 0, '{}', 0, 227, 'Available', '');
INSERT INTO public."OrderItems" ("OrderItemId", "OrderId", "Quantity", "OrderPrice", "IsFeedback", "BoxOptionId", "OpenRequestNumber", "OrderStatusCheckCardImage", "NumOfRefund", "UserRolledItemId", "RefundStatus", "Note") VALUES (651, 558, 1, 200000, false, 149, 0, NULL, 0, NULL, 'Available', '');
INSERT INTO public."OrderItems" ("OrderItemId", "OrderId", "Quantity", "OrderPrice", "IsFeedback", "BoxOptionId", "OpenRequestNumber", "OrderStatusCheckCardImage", "NumOfRefund", "UserRolledItemId", "RefundStatus", "Note") VALUES (652, 559, 1, 400000, false, 135, 0, NULL, 0, NULL, 'Available', '');
INSERT INTO public."OrderItems" ("OrderItemId", "OrderId", "Quantity", "OrderPrice", "IsFeedback", "BoxOptionId", "OpenRequestNumber", "OrderStatusCheckCardImage", "NumOfRefund", "UserRolledItemId", "RefundStatus", "Note") VALUES (653, 560, 1, 280000, true, 142, 0, NULL, 0, NULL, 'Available', '');
INSERT INTO public."OrderItems" ("OrderItemId", "OrderId", "Quantity", "OrderPrice", "IsFeedback", "BoxOptionId", "OpenRequestNumber", "OrderStatusCheckCardImage", "NumOfRefund", "UserRolledItemId", "RefundStatus", "Note") VALUES (654, 561, 1, 280000, true, 142, 0, NULL, 0, NULL, 'Available', '');
INSERT INTO public."OrderItems" ("OrderItemId", "OrderId", "Quantity", "OrderPrice", "IsFeedback", "BoxOptionId", "OpenRequestNumber", "OrderStatusCheckCardImage", "NumOfRefund", "UserRolledItemId", "RefundStatus", "Note") VALUES (655, 562, 1, 200000.0, false, 146, 0, '{}', 0, 228, 'Available', '');
INSERT INTO public."OrderItems" ("OrderItemId", "OrderId", "Quantity", "OrderPrice", "IsFeedback", "BoxOptionId", "OpenRequestNumber", "OrderStatusCheckCardImage", "NumOfRefund", "UserRolledItemId", "RefundStatus", "Note") VALUES (656, 563, 1, 269000.0, false, 150, 0, '{}', 0, 229, 'Available', '');
INSERT INTO public."OrderItems" ("OrderItemId", "OrderId", "Quantity", "OrderPrice", "IsFeedback", "BoxOptionId", "OpenRequestNumber", "OrderStatusCheckCardImage", "NumOfRefund", "UserRolledItemId", "RefundStatus", "Note") VALUES (657, 565, 1, 322800.0, false, 150, 0, '{}', 0, 230, 'Available', '');
INSERT INTO public."OrderItems" ("OrderItemId", "OrderId", "Quantity", "OrderPrice", "IsFeedback", "BoxOptionId", "OpenRequestNumber", "OrderStatusCheckCardImage", "NumOfRefund", "UserRolledItemId", "RefundStatus", "Note") VALUES (658, 566, 1, 387360.0, false, 150, 0, '{}', 0, 231, 'Available', '');
INSERT INTO public."OrderItems" ("OrderItemId", "OrderId", "Quantity", "OrderPrice", "IsFeedback", "BoxOptionId", "OpenRequestNumber", "OrderStatusCheckCardImage", "NumOfRefund", "UserRolledItemId", "RefundStatus", "Note") VALUES (659, 567, 1, 1690000, false, 143, 0, NULL, 0, NULL, 'Available', '');
INSERT INTO public."OrderItems" ("OrderItemId", "OrderId", "Quantity", "OrderPrice", "IsFeedback", "BoxOptionId", "OpenRequestNumber", "OrderStatusCheckCardImage", "NumOfRefund", "UserRolledItemId", "RefundStatus", "Note") VALUES (660, 568, 1, 170000.0, false, 154, 0, '{}', 0, 232, 'Available', '');
INSERT INTO public."OrderItems" ("OrderItemId", "OrderId", "Quantity", "OrderPrice", "IsFeedback", "BoxOptionId", "OpenRequestNumber", "OrderStatusCheckCardImage", "NumOfRefund", "UserRolledItemId", "RefundStatus", "Note") VALUES (661, 570, 1, 221000.0, false, 154, 0, '{}', 0, 233, 'Available', '');
INSERT INTO public."OrderItems" ("OrderItemId", "OrderId", "Quantity", "OrderPrice", "IsFeedback", "BoxOptionId", "OpenRequestNumber", "OrderStatusCheckCardImage", "NumOfRefund", "UserRolledItemId", "RefundStatus", "Note") VALUES (662, 571, 1, 2000000.0, false, 143, 0, '{}', 0, NULL, 'Available', '');
INSERT INTO public."OrderItems" ("OrderItemId", "OrderId", "Quantity", "OrderPrice", "IsFeedback", "BoxOptionId", "OpenRequestNumber", "OrderStatusCheckCardImage", "NumOfRefund", "UserRolledItemId", "RefundStatus", "Note") VALUES (663, 572, 1, 2000000, false, 143, 0, NULL, 0, NULL, 'Available', '');
INSERT INTO public."OrderItems" ("OrderItemId", "OrderId", "Quantity", "OrderPrice", "IsFeedback", "BoxOptionId", "OpenRequestNumber", "OrderStatusCheckCardImage", "NumOfRefund", "UserRolledItemId", "RefundStatus", "Note") VALUES (664, 573, 1, 180000.0, false, 153, 0, '{}', 0, 234, 'Available', '');
INSERT INTO public."OrderItems" ("OrderItemId", "OrderId", "Quantity", "OrderPrice", "IsFeedback", "BoxOptionId", "OpenRequestNumber", "OrderStatusCheckCardImage", "NumOfRefund", "UserRolledItemId", "RefundStatus", "Note") VALUES (665, 574, 1, 216000.0, false, 153, 0, '{}', 0, 235, 'Available', '');
INSERT INTO public."OrderItems" ("OrderItemId", "OrderId", "Quantity", "OrderPrice", "IsFeedback", "BoxOptionId", "OpenRequestNumber", "OrderStatusCheckCardImage", "NumOfRefund", "UserRolledItemId", "RefundStatus", "Note") VALUES (666, 575, 1, 336250.0, false, 140, 0, '{}', 0, 236, 'Available', '');
INSERT INTO public."OrderItems" ("OrderItemId", "OrderId", "Quantity", "OrderPrice", "IsFeedback", "BoxOptionId", "OpenRequestNumber", "OrderStatusCheckCardImage", "NumOfRefund", "UserRolledItemId", "RefundStatus", "Note") VALUES (667, 576, 1, 259200.0, false, 153, 0, '{}', 0, 237, 'Available', '');
INSERT INTO public."OrderItems" ("OrderItemId", "OrderId", "Quantity", "OrderPrice", "IsFeedback", "BoxOptionId", "OpenRequestNumber", "OrderStatusCheckCardImage", "NumOfRefund", "UserRolledItemId", "RefundStatus", "Note") VALUES (668, 577, 2, 230000.0, false, 144, 0, '{}', 0, NULL, 'Available', '');
INSERT INTO public."OrderItems" ("OrderItemId", "OrderId", "Quantity", "OrderPrice", "IsFeedback", "BoxOptionId", "OpenRequestNumber", "OrderStatusCheckCardImage", "NumOfRefund", "UserRolledItemId", "RefundStatus", "Note") VALUES (669, 577, 1, 2000000.0, false, 143, 0, '{}', 0, NULL, 'Available', '');
INSERT INTO public."OrderItems" ("OrderItemId", "OrderId", "Quantity", "OrderPrice", "IsFeedback", "BoxOptionId", "OpenRequestNumber", "OrderStatusCheckCardImage", "NumOfRefund", "UserRolledItemId", "RefundStatus", "Note") VALUES (672, 578, 1, 1920000.0, false, 138, 0, '{}', 0, NULL, 'Available', '');
INSERT INTO public."OrderItems" ("OrderItemId", "OrderId", "Quantity", "OrderPrice", "IsFeedback", "BoxOptionId", "OpenRequestNumber", "OrderStatusCheckCardImage", "NumOfRefund", "UserRolledItemId", "RefundStatus", "Note") VALUES (670, 578, 1, 280000.0, true, 152, 1, '{https://cloud.appwrite.io/v1/storage/buckets/67b01654001d8ae97462/files/67e7549a85b95f3b8cc8/view?project=67b0163f001c5610d6cb}', 0, NULL, 'Available', '');
INSERT INTO public."OrderItems" ("OrderItemId", "OrderId", "Quantity", "OrderPrice", "IsFeedback", "BoxOptionId", "OpenRequestNumber", "OrderStatusCheckCardImage", "NumOfRefund", "UserRolledItemId", "RefundStatus", "Note") VALUES (671, 578, 1, 280000.0, false, 142, 0, '{}', 1, NULL, 'Resolved', 'acb');
INSERT INTO public."OrderItems" ("OrderItemId", "OrderId", "Quantity", "OrderPrice", "IsFeedback", "BoxOptionId", "OpenRequestNumber", "OrderStatusCheckCardImage", "NumOfRefund", "UserRolledItemId", "RefundStatus", "Note") VALUES (673, 579, 1, 464832.0, false, 150, 0, '{}', 0, 238, 'Available', '');


--
-- TOC entry 4721 (class 0 OID 16681)
-- Dependencies: 243
-- Data for Name: OrderStatusDetails; Type: TABLE DATA; Schema: public; Owner: -
--

INSERT INTO public."OrderStatusDetails" ("OrderId", "OrderStatusId", "OrderStatusUpdatedAt", "OrderStatusNote") VALUES (548, 5, '2025-03-30 18:40:55.743668+00', 'Change to arrived status');
INSERT INTO public."OrderStatusDetails" ("OrderId", "OrderStatusId", "OrderStatusUpdatedAt", "OrderStatusNote") VALUES (549, 1, '2025-03-28 18:47:42.673291+00', 'Order created');
INSERT INTO public."OrderStatusDetails" ("OrderId", "OrderStatusId", "OrderStatusUpdatedAt", "OrderStatusNote") VALUES (549, 2, '2025-03-28 18:47:42.865243+00', 'Waiting for shipping box item');
INSERT INTO public."OrderStatusDetails" ("OrderId", "OrderStatusId", "OrderStatusUpdatedAt", "OrderStatusNote") VALUES (549, 3, '2025-03-28 18:49:46.213942+00', 'Change to shipping status');
INSERT INTO public."OrderStatusDetails" ("OrderId", "OrderStatusId", "OrderStatusUpdatedAt", "OrderStatusNote") VALUES (549, 5, '2025-03-30 18:49:51.40588+00', 'Change to arrived status');
INSERT INTO public."OrderStatusDetails" ("OrderId", "OrderStatusId", "OrderStatusUpdatedAt", "OrderStatusNote") VALUES (550, 1, '2025-03-28 19:26:20.779608+00', 'Order created');
INSERT INTO public."OrderStatusDetails" ("OrderId", "OrderStatusId", "OrderStatusUpdatedAt", "OrderStatusNote") VALUES (550, 2, '2025-03-28 19:26:20.988221+00', 'Order processing');
INSERT INTO public."OrderStatusDetails" ("OrderId", "OrderStatusId", "OrderStatusUpdatedAt", "OrderStatusNote") VALUES (550, 3, '2025-03-28 19:26:52.631254+00', 'Change to shipping status');
INSERT INTO public."OrderStatusDetails" ("OrderId", "OrderStatusId", "OrderStatusUpdatedAt", "OrderStatusNote") VALUES (550, 5, '2025-03-30 19:26:59.601036+00', 'Change to arrived status');
INSERT INTO public."OrderStatusDetails" ("OrderId", "OrderStatusId", "OrderStatusUpdatedAt", "OrderStatusNote") VALUES (551, 1, '2025-03-28 19:29:53.059977+00', 'Order created');
INSERT INTO public."OrderStatusDetails" ("OrderId", "OrderStatusId", "OrderStatusUpdatedAt", "OrderStatusNote") VALUES (551, 2, '2025-03-28 19:29:53.25193+00', 'Order processing');
INSERT INTO public."OrderStatusDetails" ("OrderId", "OrderStatusId", "OrderStatusUpdatedAt", "OrderStatusNote") VALUES (551, 3, '2025-03-28 19:30:05.025076+00', 'Change to shipping status');
INSERT INTO public."OrderStatusDetails" ("OrderId", "OrderStatusId", "OrderStatusUpdatedAt", "OrderStatusNote") VALUES (551, 5, '2025-03-30 19:30:38.752009+00', 'Change to arrived status');
INSERT INTO public."OrderStatusDetails" ("OrderId", "OrderStatusId", "OrderStatusUpdatedAt", "OrderStatusNote") VALUES (552, 1, '2025-03-28 19:37:36.031803+00', 'Order created');
INSERT INTO public."OrderStatusDetails" ("OrderId", "OrderStatusId", "OrderStatusUpdatedAt", "OrderStatusNote") VALUES (552, 2, '2025-03-28 19:37:44.426353+00', 'Change to processing status');
INSERT INTO public."OrderStatusDetails" ("OrderId", "OrderStatusId", "OrderStatusUpdatedAt", "OrderStatusNote") VALUES (552, 3, '2025-03-28 19:38:05.498614+00', 'Change to shipping status');
INSERT INTO public."OrderStatusDetails" ("OrderId", "OrderStatusId", "OrderStatusUpdatedAt", "OrderStatusNote") VALUES (553, 1, '2025-03-28 19:38:19.840563+00', 'Order created');
INSERT INTO public."OrderStatusDetails" ("OrderId", "OrderStatusId", "OrderStatusUpdatedAt", "OrderStatusNote") VALUES (553, 2, '2025-03-28 19:38:33.716185+00', 'Change to processing status');
INSERT INTO public."OrderStatusDetails" ("OrderId", "OrderStatusId", "OrderStatusUpdatedAt", "OrderStatusNote") VALUES (554, 1, '2025-03-28 19:39:00.078141+00', 'Order created');
INSERT INTO public."OrderStatusDetails" ("OrderId", "OrderStatusId", "OrderStatusUpdatedAt", "OrderStatusNote") VALUES (554, 2, '2025-03-28 19:39:07.438354+00', 'Change to processing status');
INSERT INTO public."OrderStatusDetails" ("OrderId", "OrderStatusId", "OrderStatusUpdatedAt", "OrderStatusNote") VALUES (556, 1, '2025-03-28 19:40:46.704674+00', 'Order created');
INSERT INTO public."OrderStatusDetails" ("OrderId", "OrderStatusId", "OrderStatusUpdatedAt", "OrderStatusNote") VALUES (556, 2, '2025-03-28 19:40:46.896751+00', 'Waiting for shipping box item');
INSERT INTO public."OrderStatusDetails" ("OrderId", "OrderStatusId", "OrderStatusUpdatedAt", "OrderStatusNote") VALUES (557, 1, '2025-03-28 19:41:34.433751+00', 'Order created');
INSERT INTO public."OrderStatusDetails" ("OrderId", "OrderStatusId", "OrderStatusUpdatedAt", "OrderStatusNote") VALUES (557, 2, '2025-03-28 19:41:34.625453+00', 'Waiting for shipping box item');
INSERT INTO public."OrderStatusDetails" ("OrderId", "OrderStatusId", "OrderStatusUpdatedAt", "OrderStatusNote") VALUES (557, 3, '2025-03-28 19:42:15.515682+00', 'Change to shipping status');
INSERT INTO public."OrderStatusDetails" ("OrderId", "OrderStatusId", "OrderStatusUpdatedAt", "OrderStatusNote") VALUES (558, 1, '2025-03-28 19:43:28.570036+00', 'Order created');
INSERT INTO public."OrderStatusDetails" ("OrderId", "OrderStatusId", "OrderStatusUpdatedAt", "OrderStatusNote") VALUES (558, 4, '2025-03-28 19:43:34.891435+00', NULL);
INSERT INTO public."OrderStatusDetails" ("OrderId", "OrderStatusId", "OrderStatusUpdatedAt", "OrderStatusNote") VALUES (559, 1, '2025-03-28 19:43:51.347465+00', 'Order created');
INSERT INTO public."OrderStatusDetails" ("OrderId", "OrderStatusId", "OrderStatusUpdatedAt", "OrderStatusNote") VALUES (559, 4, '2025-03-28 19:43:57.316312+00', NULL);
INSERT INTO public."OrderStatusDetails" ("OrderId", "OrderStatusId", "OrderStatusUpdatedAt", "OrderStatusNote") VALUES (560, 1, '2025-03-28 19:44:32.199325+00', 'Order created');
INSERT INTO public."OrderStatusDetails" ("OrderId", "OrderStatusId", "OrderStatusUpdatedAt", "OrderStatusNote") VALUES (560, 2, '2025-03-28 19:44:43.567188+00', 'Change to processing status');
INSERT INTO public."OrderStatusDetails" ("OrderId", "OrderStatusId", "OrderStatusUpdatedAt", "OrderStatusNote") VALUES (560, 3, '2025-03-28 19:44:55.54207+00', 'Change to shipping status');
INSERT INTO public."OrderStatusDetails" ("OrderId", "OrderStatusId", "OrderStatusUpdatedAt", "OrderStatusNote") VALUES (560, 5, '2025-03-30 19:45:01.496185+00', 'Change to arrived status');
INSERT INTO public."OrderStatusDetails" ("OrderId", "OrderStatusId", "OrderStatusUpdatedAt", "OrderStatusNote") VALUES (561, 1, '2025-03-28 19:46:56.594263+00', 'Order created');
INSERT INTO public."OrderStatusDetails" ("OrderId", "OrderStatusId", "OrderStatusUpdatedAt", "OrderStatusNote") VALUES (561, 2, '2025-03-28 19:47:06.28091+00', 'Change to processing status');
INSERT INTO public."OrderStatusDetails" ("OrderId", "OrderStatusId", "OrderStatusUpdatedAt", "OrderStatusNote") VALUES (561, 3, '2025-03-28 19:47:11.079235+00', 'Change to shipping status');
INSERT INTO public."OrderStatusDetails" ("OrderId", "OrderStatusId", "OrderStatusUpdatedAt", "OrderStatusNote") VALUES (561, 5, '2025-03-30 19:47:15.428254+00', 'Change to arrived status');
INSERT INTO public."OrderStatusDetails" ("OrderId", "OrderStatusId", "OrderStatusUpdatedAt", "OrderStatusNote") VALUES (562, 1, '2025-03-28 19:52:40.882482+00', 'Order created');
INSERT INTO public."OrderStatusDetails" ("OrderId", "OrderStatusId", "OrderStatusUpdatedAt", "OrderStatusNote") VALUES (562, 2, '2025-03-28 19:52:41.074427+00', 'Waiting for shipping box item');
INSERT INTO public."OrderStatusDetails" ("OrderId", "OrderStatusId", "OrderStatusUpdatedAt", "OrderStatusNote") VALUES (563, 1, '2025-03-28 19:53:46.995857+00', 'Order created');
INSERT INTO public."OrderStatusDetails" ("OrderId", "OrderStatusId", "OrderStatusUpdatedAt", "OrderStatusNote") VALUES (563, 2, '2025-03-28 19:53:47.187514+00', 'Waiting for shipping box item');
INSERT INTO public."OrderStatusDetails" ("OrderId", "OrderStatusId", "OrderStatusUpdatedAt", "OrderStatusNote") VALUES (565, 1, '2025-03-28 19:54:37.651726+00', 'Order created');
INSERT INTO public."OrderStatusDetails" ("OrderId", "OrderStatusId", "OrderStatusUpdatedAt", "OrderStatusNote") VALUES (565, 2, '2025-03-28 19:54:37.843564+00', 'Waiting for shipping box item');
INSERT INTO public."OrderStatusDetails" ("OrderId", "OrderStatusId", "OrderStatusUpdatedAt", "OrderStatusNote") VALUES (566, 1, '2025-03-28 19:55:26.160831+00', 'Order created');
INSERT INTO public."OrderStatusDetails" ("OrderId", "OrderStatusId", "OrderStatusUpdatedAt", "OrderStatusNote") VALUES (566, 2, '2025-03-28 19:55:26.352202+00', 'Waiting for shipping box item');
INSERT INTO public."OrderStatusDetails" ("OrderId", "OrderStatusId", "OrderStatusUpdatedAt", "OrderStatusNote") VALUES (567, 1, '2025-03-28 21:17:15.467102+00', 'Order created');
INSERT INTO public."OrderStatusDetails" ("OrderId", "OrderStatusId", "OrderStatusUpdatedAt", "OrderStatusNote") VALUES (568, 1, '2025-03-28 21:18:35.137803+00', 'Order created');
INSERT INTO public."OrderStatusDetails" ("OrderId", "OrderStatusId", "OrderStatusUpdatedAt", "OrderStatusNote") VALUES (568, 2, '2025-03-28 21:18:35.329997+00', 'Waiting for shipping box item');
INSERT INTO public."OrderStatusDetails" ("OrderId", "OrderStatusId", "OrderStatusUpdatedAt", "OrderStatusNote") VALUES (570, 1, '2025-03-28 21:19:53.983021+00', 'Order created');
INSERT INTO public."OrderStatusDetails" ("OrderId", "OrderStatusId", "OrderStatusUpdatedAt", "OrderStatusNote") VALUES (570, 2, '2025-03-28 21:19:54.174898+00', 'Waiting for shipping box item');
INSERT INTO public."OrderStatusDetails" ("OrderId", "OrderStatusId", "OrderStatusUpdatedAt", "OrderStatusNote") VALUES (571, 1, '2025-03-28 21:45:07.888339+00', 'Order created');
INSERT INTO public."OrderStatusDetails" ("OrderId", "OrderStatusId", "OrderStatusUpdatedAt", "OrderStatusNote") VALUES (571, 2, '2025-03-28 21:45:08.080429+00', 'Order processing');
INSERT INTO public."OrderStatusDetails" ("OrderId", "OrderStatusId", "OrderStatusUpdatedAt", "OrderStatusNote") VALUES (572, 1, '2025-03-28 21:45:41.125592+00', 'Order created');
INSERT INTO public."OrderStatusDetails" ("OrderId", "OrderStatusId", "OrderStatusUpdatedAt", "OrderStatusNote") VALUES (573, 1, '2025-03-28 21:53:33.955666+00', 'Order created');
INSERT INTO public."OrderStatusDetails" ("OrderId", "OrderStatusId", "OrderStatusUpdatedAt", "OrderStatusNote") VALUES (573, 2, '2025-03-28 21:53:34.147856+00', 'Waiting for shipping box item');
INSERT INTO public."OrderStatusDetails" ("OrderId", "OrderStatusId", "OrderStatusUpdatedAt", "OrderStatusNote") VALUES (574, 1, '2025-03-28 21:57:41.101867+00', 'Order created');
INSERT INTO public."OrderStatusDetails" ("OrderId", "OrderStatusId", "OrderStatusUpdatedAt", "OrderStatusNote") VALUES (574, 2, '2025-03-28 21:57:41.322185+00', 'Waiting for shipping box item');
INSERT INTO public."OrderStatusDetails" ("OrderId", "OrderStatusId", "OrderStatusUpdatedAt", "OrderStatusNote") VALUES (574, 3, '2025-03-28 22:11:13.849618+00', 'Change to shipping status');
INSERT INTO public."OrderStatusDetails" ("OrderId", "OrderStatusId", "OrderStatusUpdatedAt", "OrderStatusNote") VALUES (575, 1, '2025-03-29 00:17:20.327908+00', 'Order created');
INSERT INTO public."OrderStatusDetails" ("OrderId", "OrderStatusId", "OrderStatusUpdatedAt", "OrderStatusNote") VALUES (575, 2, '2025-03-29 00:17:20.545689+00', 'Waiting for shipping box item');
INSERT INTO public."OrderStatusDetails" ("OrderId", "OrderStatusId", "OrderStatusUpdatedAt", "OrderStatusNote") VALUES (555, 1, '2025-02-28 19:39:50.076+00', 'Order created');
INSERT INTO public."OrderStatusDetails" ("OrderId", "OrderStatusId", "OrderStatusUpdatedAt", "OrderStatusNote") VALUES (555, 2, '2025-02-28 19:39:50.268+00', 'Waiting for shipping box item');
INSERT INTO public."OrderStatusDetails" ("OrderId", "OrderStatusId", "OrderStatusUpdatedAt", "OrderStatusNote") VALUES (548, 2, '2025-02-28 18:39:18.306+00', 'Order processing');
INSERT INTO public."OrderStatusDetails" ("OrderId", "OrderStatusId", "OrderStatusUpdatedAt", "OrderStatusNote") VALUES (548, 1, '2025-02-28 18:39:18.096+00', 'Order created');
INSERT INTO public."OrderStatusDetails" ("OrderId", "OrderStatusId", "OrderStatusUpdatedAt", "OrderStatusNote") VALUES (548, 3, '2025-02-28 18:40:51.009+00', 'Change to shipping status');
INSERT INTO public."OrderStatusDetails" ("OrderId", "OrderStatusId", "OrderStatusUpdatedAt", "OrderStatusNote") VALUES (576, 1, '2025-03-29 01:11:38.592667+00', 'Order created');
INSERT INTO public."OrderStatusDetails" ("OrderId", "OrderStatusId", "OrderStatusUpdatedAt", "OrderStatusNote") VALUES (576, 2, '2025-03-29 01:11:38.801633+00', 'Waiting for shipping box item');
INSERT INTO public."OrderStatusDetails" ("OrderId", "OrderStatusId", "OrderStatusUpdatedAt", "OrderStatusNote") VALUES (577, 1, '2025-03-29 01:20:16.428847+00', 'Order created');
INSERT INTO public."OrderStatusDetails" ("OrderId", "OrderStatusId", "OrderStatusUpdatedAt", "OrderStatusNote") VALUES (577, 2, '2025-03-29 01:20:16.621227+00', 'Order processing');
INSERT INTO public."OrderStatusDetails" ("OrderId", "OrderStatusId", "OrderStatusUpdatedAt", "OrderStatusNote") VALUES (578, 1, '2025-03-29 02:00:47.462091+00', 'Order created');
INSERT INTO public."OrderStatusDetails" ("OrderId", "OrderStatusId", "OrderStatusUpdatedAt", "OrderStatusNote") VALUES (578, 2, '2025-03-29 02:00:47.684197+00', 'Order processing');
INSERT INTO public."OrderStatusDetails" ("OrderId", "OrderStatusId", "OrderStatusUpdatedAt", "OrderStatusNote") VALUES (578, 3, '2025-03-29 02:02:40.209823+00', 'Change to shipping status');
INSERT INTO public."OrderStatusDetails" ("OrderId", "OrderStatusId", "OrderStatusUpdatedAt", "OrderStatusNote") VALUES (578, 5, '2025-03-31 02:02:44.465349+00', 'Change to arrived status');
INSERT INTO public."OrderStatusDetails" ("OrderId", "OrderStatusId", "OrderStatusUpdatedAt", "OrderStatusNote") VALUES (579, 1, '2025-03-29 02:06:12.333183+00', 'Order created');
INSERT INTO public."OrderStatusDetails" ("OrderId", "OrderStatusId", "OrderStatusUpdatedAt", "OrderStatusNote") VALUES (579, 2, '2025-03-29 02:06:12.53304+00', 'Waiting for shipping box item');


--
-- TOC entry 4697 (class 0 OID 16446)
-- Dependencies: 219
-- Data for Name: OrderStatuses; Type: TABLE DATA; Schema: public; Owner: -
--

INSERT INTO public."OrderStatuses" ("OrderStatusId", "OrderStatusName") VALUES (1, 'Pending');
INSERT INTO public."OrderStatuses" ("OrderStatusId", "OrderStatusName") VALUES (2, 'Processing');
INSERT INTO public."OrderStatuses" ("OrderStatusId", "OrderStatusName") VALUES (3, 'Shipping');
INSERT INTO public."OrderStatuses" ("OrderStatusId", "OrderStatusName") VALUES (4, 'Cancelled');
INSERT INTO public."OrderStatuses" ("OrderStatusId", "OrderStatusName") VALUES (5, 'Arrived');


--
-- TOC entry 4718 (class 0 OID 16628)
-- Dependencies: 240
-- Data for Name: Orders; Type: TABLE DATA; Schema: public; Owner: -
--

INSERT INTO public."Orders" ("OrderId", "UserId", "OrderCreatedAt", "VoucherId", "PaymentMethod", "TotalPrice", "Revenue", "AddressId", "OpenRequest", "RefundRequest", "CurrentOrderStatusId", "PaymentStatus", "JsonOrderModel", "IsEnable", "ShippingFee", "DiscountAmount", "SubTotal", "IsReadyForShipBoxItem", "OrderUpdatedAt") VALUES (548, 178, '2025-02-28 18:39:17.998+00', 138, 'VNPAY', 1891001, 670000.0, 197, true, false, 5, 'Payment Success', '{"userId": 178, "orderId": null, "subTotal": 1920000.0, "addressId": 197, "voucherId": 138, "totalPrice": 1891001.0, "shippingFee": 21001.0, "isShipBoxItem": false, "paymentMethod": "VNPAY", "discountAmount": 50000.0, "orderItemRequestDto": [{"price": 320000.0, "quantity": 4, "boxOptionId": 137, "originPrice": 250000.0, "isOnlineSerieBox": false, "userRolledItemId": null, "orderItemOpenRequestNumber": 4}, {"price": 320000.0, "quantity": 2, "boxOptionId": 130, "originPrice": 100000.0, "isOnlineSerieBox": false, "userRolledItemId": null, "orderItemOpenRequestNumber": 0}]}', true, 21001, 50000, 1920000, false, '2025-02-28 18:39:17.998+00');
INSERT INTO public."Orders" ("OrderId", "UserId", "OrderCreatedAt", "VoucherId", "PaymentMethod", "TotalPrice", "Revenue", "AddressId", "OpenRequest", "RefundRequest", "CurrentOrderStatusId", "PaymentStatus", "JsonOrderModel", "IsEnable", "ShippingFee", "DiscountAmount", "SubTotal", "IsReadyForShipBoxItem", "OrderUpdatedAt") VALUES (550, 177, '2025-03-28 19:26:20.680863+00', NULL, 'VNPAY', 301001, -40000.0, 199, false, false, 5, 'Payment Success', '{"userId": 177, "orderId": null, "subTotal": 280000.0, "addressId": 199, "voucherId": null, "totalPrice": 301001.0, "shippingFee": 21001.0, "isShipBoxItem": false, "paymentMethod": "VNPAY", "discountAmount": 0.0, "orderItemRequestDto": [{"price": 280000.0, "quantity": 1, "boxOptionId": 142, "originPrice": 320000.0, "isOnlineSerieBox": false, "userRolledItemId": null, "orderItemOpenRequestNumber": 0}]}', true, 21001, 0, 280000, false, '2025-03-28 19:26:20.680864+00');
INSERT INTO public."Orders" ("OrderId", "UserId", "OrderCreatedAt", "VoucherId", "PaymentMethod", "TotalPrice", "Revenue", "AddressId", "OpenRequest", "RefundRequest", "CurrentOrderStatusId", "PaymentStatus", "JsonOrderModel", "IsEnable", "ShippingFee", "DiscountAmount", "SubTotal", "IsReadyForShipBoxItem", "OrderUpdatedAt") VALUES (556, 177, '2025-03-28 19:40:46.608919+00', NULL, 'VNPAY', 322800, 42800.0, NULL, false, false, 2, 'Payment Success', '{"userId": 177, "orderId": null, "subTotal": 322800.0, "addressId": null, "voucherId": null, "totalPrice": 322800.0, "shippingFee": 0.0, "isShipBoxItem": false, "paymentMethod": "VNPAY", "discountAmount": 0.0, "orderItemRequestDto": [{"price": 322800.0, "quantity": 1, "boxOptionId": 146, "originPrice": 280000.0, "isOnlineSerieBox": true, "userRolledItemId": null, "orderItemOpenRequestNumber": 0}]}', true, 0, 0, 322800, false, '2025-03-28 19:40:46.60892+00');
INSERT INTO public."Orders" ("OrderId", "UserId", "OrderCreatedAt", "VoucherId", "PaymentMethod", "TotalPrice", "Revenue", "AddressId", "OpenRequest", "RefundRequest", "CurrentOrderStatusId", "PaymentStatus", "JsonOrderModel", "IsEnable", "ShippingFee", "DiscountAmount", "SubTotal", "IsReadyForShipBoxItem", "OrderUpdatedAt") VALUES (549, 178, '2025-03-28 18:47:42.577266+00', NULL, 'VNPAY', 290001, -11000.0, 198, false, false, 5, 'Payment Success', '{"userId": 178, "orderId": null, "subTotal": 269000.0, "addressId": null, "voucherId": null, "totalPrice": 269000.0, "shippingFee": 0.0, "isShipBoxItem": false, "paymentMethod": "VNPAY", "discountAmount": 0.0, "orderItemRequestDto": [{"price": 269000.0, "quantity": 1, "boxOptionId": 140, "originPrice": 280000.0, "isOnlineSerieBox": true, "userRolledItemId": null, "orderItemOpenRequestNumber": 0}]}', true, 21001, 0, 269000, true, '2025-03-28 18:47:42.577267+00');
INSERT INTO public."Orders" ("OrderId", "UserId", "OrderCreatedAt", "VoucherId", "PaymentMethod", "TotalPrice", "Revenue", "AddressId", "OpenRequest", "RefundRequest", "CurrentOrderStatusId", "PaymentStatus", "JsonOrderModel", "IsEnable", "ShippingFee", "DiscountAmount", "SubTotal", "IsReadyForShipBoxItem", "OrderUpdatedAt") VALUES (551, 177, '2025-03-28 19:29:52.963878+00', 138, 'VNPAY', 1651001, -260000.0, 199, true, false, 5, 'Payment Success', '{"userId": 177, "orderId": null, "subTotal": 1680000.0, "addressId": 199, "voucherId": 138, "totalPrice": 1651001.0, "shippingFee": 21001.0, "isShipBoxItem": false, "paymentMethod": "VNPAY", "discountAmount": 50000.0, "orderItemRequestDto": [{"price": 1680000.0, "quantity": 1, "boxOptionId": 141, "originPrice": 1890000.0, "isOnlineSerieBox": false, "userRolledItemId": null, "orderItemOpenRequestNumber": 1}]}', true, 21001, 50000, 1680000, false, '2025-03-28 19:29:52.963879+00');
INSERT INTO public."Orders" ("OrderId", "UserId", "OrderCreatedAt", "VoucherId", "PaymentMethod", "TotalPrice", "Revenue", "AddressId", "OpenRequest", "RefundRequest", "CurrentOrderStatusId", "PaymentStatus", "JsonOrderModel", "IsEnable", "ShippingFee", "DiscountAmount", "SubTotal", "IsReadyForShipBoxItem", "OrderUpdatedAt") VALUES (558, 177, '2025-03-28 19:43:28.473422+00', NULL, 'COD', 221001, 70000, 199, false, false, 4, 'Payment Pending', NULL, true, 21001, 0, 200000, false, '2025-03-28 19:43:28.473422+00');
INSERT INTO public."Orders" ("OrderId", "UserId", "OrderCreatedAt", "VoucherId", "PaymentMethod", "TotalPrice", "Revenue", "AddressId", "OpenRequest", "RefundRequest", "CurrentOrderStatusId", "PaymentStatus", "JsonOrderModel", "IsEnable", "ShippingFee", "DiscountAmount", "SubTotal", "IsReadyForShipBoxItem", "OrderUpdatedAt") VALUES (552, 177, '2025-03-28 19:37:35.932679+00', 138, 'COD', 952000, 612000, 200, false, false, 3, 'Payment Success', NULL, true, 40000, 48000, 960000, false, '2025-03-28 19:37:35.932627+00');
INSERT INTO public."Orders" ("OrderId", "UserId", "OrderCreatedAt", "VoucherId", "PaymentMethod", "TotalPrice", "Revenue", "AddressId", "OpenRequest", "RefundRequest", "CurrentOrderStatusId", "PaymentStatus", "JsonOrderModel", "IsEnable", "ShippingFee", "DiscountAmount", "SubTotal", "IsReadyForShipBoxItem", "OrderUpdatedAt") VALUES (553, 177, '2025-03-28 19:38:19.743781+00', NULL, 'COD', 360000, 70000, 200, false, false, 2, 'Payment Success', NULL, true, 40000, 0, 320000, false, '2025-03-28 19:38:19.743781+00');
INSERT INTO public."Orders" ("OrderId", "UserId", "OrderCreatedAt", "VoucherId", "PaymentMethod", "TotalPrice", "Revenue", "AddressId", "OpenRequest", "RefundRequest", "CurrentOrderStatusId", "PaymentStatus", "JsonOrderModel", "IsEnable", "ShippingFee", "DiscountAmount", "SubTotal", "IsReadyForShipBoxItem", "OrderUpdatedAt") VALUES (554, 177, '2025-03-28 19:38:59.981437+00', NULL, 'COD', 3401001, -220000, 199, false, false, 2, 'Payment Success', NULL, true, 21001, 0, 3380000, false, '2025-03-28 19:38:59.981436+00');
INSERT INTO public."Orders" ("OrderId", "UserId", "OrderCreatedAt", "VoucherId", "PaymentMethod", "TotalPrice", "Revenue", "AddressId", "OpenRequest", "RefundRequest", "CurrentOrderStatusId", "PaymentStatus", "JsonOrderModel", "IsEnable", "ShippingFee", "DiscountAmount", "SubTotal", "IsReadyForShipBoxItem", "OrderUpdatedAt") VALUES (557, 177, '2025-03-28 19:41:34.338013+00', NULL, 'VNPAY', 408361, 107360.0, 199, false, false, 3, 'Payment Success', '{"userId": 177, "orderId": null, "subTotal": 387360.0, "addressId": null, "voucherId": null, "totalPrice": 387360.0, "shippingFee": 0.0, "isShipBoxItem": false, "paymentMethod": "VNPAY", "discountAmount": 0.0, "orderItemRequestDto": [{"price": 387360.0, "quantity": 1, "boxOptionId": 146, "originPrice": 280000.0, "isOnlineSerieBox": true, "userRolledItemId": null, "orderItemOpenRequestNumber": 0}]}', true, 21001, 0, 387360, true, '2025-03-28 19:41:34.338014+00');
INSERT INTO public."Orders" ("OrderId", "UserId", "OrderCreatedAt", "VoucherId", "PaymentMethod", "TotalPrice", "Revenue", "AddressId", "OpenRequest", "RefundRequest", "CurrentOrderStatusId", "PaymentStatus", "JsonOrderModel", "IsEnable", "ShippingFee", "DiscountAmount", "SubTotal", "IsReadyForShipBoxItem", "OrderUpdatedAt") VALUES (559, 177, '2025-03-28 19:43:51.25051+00', NULL, 'COD', 440000, 280000, 200, false, false, 4, 'Payment Pending', NULL, true, 40000, 0, 400000, false, '2025-03-28 19:43:51.250509+00');
INSERT INTO public."Orders" ("OrderId", "UserId", "OrderCreatedAt", "VoucherId", "PaymentMethod", "TotalPrice", "Revenue", "AddressId", "OpenRequest", "RefundRequest", "CurrentOrderStatusId", "PaymentStatus", "JsonOrderModel", "IsEnable", "ShippingFee", "DiscountAmount", "SubTotal", "IsReadyForShipBoxItem", "OrderUpdatedAt") VALUES (564, 177, '2025-03-28 19:53:20.620117+00', NULL, 'VNPAY', 269000, 0, NULL, false, false, 1, 'Payment Pending', '{"userId": 177, "orderId": null, "subTotal": 269000.0, "addressId": null, "voucherId": null, "totalPrice": 269000.0, "shippingFee": 0.0, "isShipBoxItem": false, "paymentMethod": "VNPAY", "discountAmount": 0.0, "orderItemRequestDto": [{"price": 269000.0, "quantity": 1, "boxOptionId": 150, "originPrice": 280000.0, "isOnlineSerieBox": true, "userRolledItemId": null, "orderItemOpenRequestNumber": 0}]}', false, 0, 0, 269000, false, '2025-03-28 19:53:20.620116+00');
INSERT INTO public."Orders" ("OrderId", "UserId", "OrderCreatedAt", "VoucherId", "PaymentMethod", "TotalPrice", "Revenue", "AddressId", "OpenRequest", "RefundRequest", "CurrentOrderStatusId", "PaymentStatus", "JsonOrderModel", "IsEnable", "ShippingFee", "DiscountAmount", "SubTotal", "IsReadyForShipBoxItem", "OrderUpdatedAt") VALUES (560, 177, '2025-03-28 19:44:32.102808+00', NULL, 'COD', 320000, -40000, 200, false, false, 5, 'Payment Success', NULL, true, 40000, 0, 280000, false, '2025-03-28 19:44:32.102807+00');
INSERT INTO public."Orders" ("OrderId", "UserId", "OrderCreatedAt", "VoucherId", "PaymentMethod", "TotalPrice", "Revenue", "AddressId", "OpenRequest", "RefundRequest", "CurrentOrderStatusId", "PaymentStatus", "JsonOrderModel", "IsEnable", "ShippingFee", "DiscountAmount", "SubTotal", "IsReadyForShipBoxItem", "OrderUpdatedAt") VALUES (563, 177, '2025-03-28 19:53:46.900076+00', NULL, 'VNPAY', 269000, -11000.0, NULL, false, false, 2, 'Payment Success', '{"userId": 177, "orderId": null, "subTotal": 269000.0, "addressId": null, "voucherId": null, "totalPrice": 269000.0, "shippingFee": 0.0, "isShipBoxItem": false, "paymentMethod": "VNPAY", "discountAmount": 0.0, "orderItemRequestDto": [{"price": 269000.0, "quantity": 1, "boxOptionId": 150, "originPrice": 280000.0, "isOnlineSerieBox": true, "userRolledItemId": null, "orderItemOpenRequestNumber": 0}]}', true, 0, 0, 269000, false, '2025-03-28 19:53:46.900076+00');
INSERT INTO public."Orders" ("OrderId", "UserId", "OrderCreatedAt", "VoucherId", "PaymentMethod", "TotalPrice", "Revenue", "AddressId", "OpenRequest", "RefundRequest", "CurrentOrderStatusId", "PaymentStatus", "JsonOrderModel", "IsEnable", "ShippingFee", "DiscountAmount", "SubTotal", "IsReadyForShipBoxItem", "OrderUpdatedAt") VALUES (561, 177, '2025-03-28 19:46:56.497283+00', NULL, 'COD', 320000, -40000, 200, false, false, 5, 'Payment Success', NULL, true, 40000, 0, 280000, false, '2025-03-28 19:46:56.497282+00');
INSERT INTO public."Orders" ("OrderId", "UserId", "OrderCreatedAt", "VoucherId", "PaymentMethod", "TotalPrice", "Revenue", "AddressId", "OpenRequest", "RefundRequest", "CurrentOrderStatusId", "PaymentStatus", "JsonOrderModel", "IsEnable", "ShippingFee", "DiscountAmount", "SubTotal", "IsReadyForShipBoxItem", "OrderUpdatedAt") VALUES (562, 177, '2025-03-28 19:52:40.786781+00', NULL, 'VNPAY', 200000, -80000.0, NULL, false, false, 2, 'Payment Success', '{"userId": 177, "orderId": null, "subTotal": 200000.0, "addressId": null, "voucherId": null, "totalPrice": 200000.0, "shippingFee": 0.0, "isShipBoxItem": false, "paymentMethod": "VNPAY", "discountAmount": 0.0, "orderItemRequestDto": [{"price": 200000.0, "quantity": 1, "boxOptionId": 146, "originPrice": 280000.0, "isOnlineSerieBox": true, "userRolledItemId": null, "orderItemOpenRequestNumber": 0}]}', true, 0, 0, 200000, false, '2025-03-28 19:52:40.786782+00');
INSERT INTO public."Orders" ("OrderId", "UserId", "OrderCreatedAt", "VoucherId", "PaymentMethod", "TotalPrice", "Revenue", "AddressId", "OpenRequest", "RefundRequest", "CurrentOrderStatusId", "PaymentStatus", "JsonOrderModel", "IsEnable", "ShippingFee", "DiscountAmount", "SubTotal", "IsReadyForShipBoxItem", "OrderUpdatedAt") VALUES (555, 177, '2025-02-28 19:39:49.981+00', NULL, 'VNPAY', 269000, -11000.0, NULL, false, false, 2, 'Payment Success', '{"userId": 177, "orderId": null, "subTotal": 269000.0, "addressId": null, "voucherId": null, "totalPrice": 269000.0, "shippingFee": 0.0, "isShipBoxItem": false, "paymentMethod": "VNPAY", "discountAmount": 0.0, "orderItemRequestDto": [{"price": 269000.0, "quantity": 1, "boxOptionId": 146, "originPrice": 280000.0, "isOnlineSerieBox": true, "userRolledItemId": null, "orderItemOpenRequestNumber": 0}]}', true, 0, 0, 269000, false, '2025-02-28 19:39:49.981+00');
INSERT INTO public."Orders" ("OrderId", "UserId", "OrderCreatedAt", "VoucherId", "PaymentMethod", "TotalPrice", "Revenue", "AddressId", "OpenRequest", "RefundRequest", "CurrentOrderStatusId", "PaymentStatus", "JsonOrderModel", "IsEnable", "ShippingFee", "DiscountAmount", "SubTotal", "IsReadyForShipBoxItem", "OrderUpdatedAt") VALUES (565, 177, '2025-03-28 19:54:37.555247+00', NULL, 'VNPAY', 322800, 42800.0, NULL, false, false, 2, 'Payment Success', '{"userId": 177, "orderId": null, "subTotal": 322800.0, "addressId": null, "voucherId": null, "totalPrice": 322800.0, "shippingFee": 0.0, "isShipBoxItem": false, "paymentMethod": "VNPAY", "discountAmount": 0.0, "orderItemRequestDto": [{"price": 322800.0, "quantity": 1, "boxOptionId": 150, "originPrice": 280000.0, "isOnlineSerieBox": true, "userRolledItemId": null, "orderItemOpenRequestNumber": 0}]}', true, 0, 0, 322800, false, '2025-03-28 19:54:37.555247+00');
INSERT INTO public."Orders" ("OrderId", "UserId", "OrderCreatedAt", "VoucherId", "PaymentMethod", "TotalPrice", "Revenue", "AddressId", "OpenRequest", "RefundRequest", "CurrentOrderStatusId", "PaymentStatus", "JsonOrderModel", "IsEnable", "ShippingFee", "DiscountAmount", "SubTotal", "IsReadyForShipBoxItem", "OrderUpdatedAt") VALUES (566, 177, '2025-03-28 19:55:26.065146+00', NULL, 'VNPAY', 387360, 107360.0, NULL, false, false, 2, 'Payment Success', '{"userId": 177, "orderId": null, "subTotal": 387360.0, "addressId": null, "voucherId": null, "totalPrice": 387360.0, "shippingFee": 0.0, "isShipBoxItem": false, "paymentMethod": "VNPAY", "discountAmount": 0.0, "orderItemRequestDto": [{"price": 387360.0, "quantity": 1, "boxOptionId": 150, "originPrice": 280000.0, "isOnlineSerieBox": true, "userRolledItemId": null, "orderItemOpenRequestNumber": 0}]}', true, 0, 0, 387360, false, '2025-03-28 19:55:26.065146+00');
INSERT INTO public."Orders" ("OrderId", "UserId", "OrderCreatedAt", "VoucherId", "PaymentMethod", "TotalPrice", "Revenue", "AddressId", "OpenRequest", "RefundRequest", "CurrentOrderStatusId", "PaymentStatus", "JsonOrderModel", "IsEnable", "ShippingFee", "DiscountAmount", "SubTotal", "IsReadyForShipBoxItem", "OrderUpdatedAt") VALUES (567, 187, '2025-03-28 21:17:15.312945+00', 139, 'COD', 1680000, -160000, 201, false, false, 1, 'Payment Pending', NULL, true, 40000, 50000, 1690000, false, '2025-03-28 21:17:15.312878+00');
INSERT INTO public."Orders" ("OrderId", "UserId", "OrderCreatedAt", "VoucherId", "PaymentMethod", "TotalPrice", "Revenue", "AddressId", "OpenRequest", "RefundRequest", "CurrentOrderStatusId", "PaymentStatus", "JsonOrderModel", "IsEnable", "ShippingFee", "DiscountAmount", "SubTotal", "IsReadyForShipBoxItem", "OrderUpdatedAt") VALUES (568, 187, '2025-03-28 21:18:35.040568+00', NULL, 'VNPAY', 170000, 40000.0, NULL, false, false, 2, 'Payment Success', '{"userId": 187, "orderId": null, "subTotal": 170000.0, "addressId": null, "voucherId": null, "totalPrice": 170000.0, "shippingFee": 0.0, "isShipBoxItem": false, "paymentMethod": "VNPAY", "discountAmount": 0.0, "orderItemRequestDto": [{"price": 170000.0, "quantity": 1, "boxOptionId": 154, "originPrice": 130000.0, "isOnlineSerieBox": true, "userRolledItemId": null, "orderItemOpenRequestNumber": 0}]}', true, 0, 0, 170000, false, '2025-03-28 21:18:35.040569+00');
INSERT INTO public."Orders" ("OrderId", "UserId", "OrderCreatedAt", "VoucherId", "PaymentMethod", "TotalPrice", "Revenue", "AddressId", "OpenRequest", "RefundRequest", "CurrentOrderStatusId", "PaymentStatus", "JsonOrderModel", "IsEnable", "ShippingFee", "DiscountAmount", "SubTotal", "IsReadyForShipBoxItem", "OrderUpdatedAt") VALUES (569, 187, '2025-03-28 21:18:58.330672+00', NULL, 'VNPAY', 221000, 0, NULL, false, false, 1, 'Payment Pending', '{"userId": 187, "orderId": null, "subTotal": 221000.0, "addressId": null, "voucherId": null, "totalPrice": 221000.0, "shippingFee": 0.0, "isShipBoxItem": false, "paymentMethod": "VNPAY", "discountAmount": 0.0, "orderItemRequestDto": [{"price": 221000.0, "quantity": 1, "boxOptionId": 154, "originPrice": 130000.0, "isOnlineSerieBox": true, "userRolledItemId": null, "orderItemOpenRequestNumber": 0}]}', false, 0, 0, 221000, false, '2025-03-28 21:18:58.330671+00');
INSERT INTO public."Orders" ("OrderId", "UserId", "OrderCreatedAt", "VoucherId", "PaymentMethod", "TotalPrice", "Revenue", "AddressId", "OpenRequest", "RefundRequest", "CurrentOrderStatusId", "PaymentStatus", "JsonOrderModel", "IsEnable", "ShippingFee", "DiscountAmount", "SubTotal", "IsReadyForShipBoxItem", "OrderUpdatedAt") VALUES (570, 187, '2025-03-28 21:19:53.887216+00', NULL, 'VNPAY', 221000, 91000.0, NULL, false, false, 2, 'Payment Success', '{"userId": 187, "orderId": null, "subTotal": 221000.0, "addressId": null, "voucherId": null, "totalPrice": 221000.0, "shippingFee": 0.0, "isShipBoxItem": false, "paymentMethod": "VNPAY", "discountAmount": 0.0, "orderItemRequestDto": [{"price": 221000.0, "quantity": 1, "boxOptionId": 154, "originPrice": 130000.0, "isOnlineSerieBox": true, "userRolledItemId": null, "orderItemOpenRequestNumber": 0}]}', true, 0, 0, 221000, false, '2025-03-28 21:19:53.887217+00');
INSERT INTO public."Orders" ("OrderId", "UserId", "OrderCreatedAt", "VoucherId", "PaymentMethod", "TotalPrice", "Revenue", "AddressId", "OpenRequest", "RefundRequest", "CurrentOrderStatusId", "PaymentStatus", "JsonOrderModel", "IsEnable", "ShippingFee", "DiscountAmount", "SubTotal", "IsReadyForShipBoxItem", "OrderUpdatedAt") VALUES (571, 187, '2025-03-28 21:45:07.791156+00', NULL, 'VnPay', 2000000, 180000.0, 197, false, false, 2, 'Payment Success', '{"userId": 187, "orderId": null, "subTotal": 2020000.0, "addressId": 197, "voucherId": null, "totalPrice": 2000000.0, "shippingFee": 20000.0, "isShipBoxItem": false, "paymentMethod": "VnPay", "discountAmount": 0.0, "orderItemRequestDto": [{"price": 2000000.0, "quantity": 1, "boxOptionId": 143, "originPrice": 1800000.0, "isOnlineSerieBox": false, "userRolledItemId": null, "orderItemOpenRequestNumber": 0}]}', true, 20000, 0, 2020000, false, '2025-03-28 21:45:07.791157+00');
INSERT INTO public."Orders" ("OrderId", "UserId", "OrderCreatedAt", "VoucherId", "PaymentMethod", "TotalPrice", "Revenue", "AddressId", "OpenRequest", "RefundRequest", "CurrentOrderStatusId", "PaymentStatus", "JsonOrderModel", "IsEnable", "ShippingFee", "DiscountAmount", "SubTotal", "IsReadyForShipBoxItem", "OrderUpdatedAt") VALUES (572, 187, '2025-03-28 21:45:41.029217+00', NULL, 'COD', 2000000, 180000, 197, false, false, 1, 'Payment Pending', NULL, true, 20000, 0, 2020000, false, '2025-03-28 21:45:41.029166+00');
INSERT INTO public."Orders" ("OrderId", "UserId", "OrderCreatedAt", "VoucherId", "PaymentMethod", "TotalPrice", "Revenue", "AddressId", "OpenRequest", "RefundRequest", "CurrentOrderStatusId", "PaymentStatus", "JsonOrderModel", "IsEnable", "ShippingFee", "DiscountAmount", "SubTotal", "IsReadyForShipBoxItem", "OrderUpdatedAt") VALUES (573, 187, '2025-03-28 21:53:33.859653+00', NULL, 'VnPay', 180000, 80000.0, NULL, false, false, 3, 'Payment Success', '{"userId": 187, "orderId": null, "subTotal": 180000.0, "addressId": null, "voucherId": null, "totalPrice": 180000.0, "shippingFee": 0.0, "isShipBoxItem": false, "paymentMethod": "VnPay", "discountAmount": 0.0, "orderItemRequestDto": [{"price": 180000.0, "quantity": 1, "boxOptionId": 153, "originPrice": 100000.0, "isOnlineSerieBox": true, "userRolledItemId": null, "orderItemOpenRequestNumber": 0}]}', true, 0, 0, 180000, false, '2025-03-28 21:53:33.859653+00');
INSERT INTO public."Orders" ("OrderId", "UserId", "OrderCreatedAt", "VoucherId", "PaymentMethod", "TotalPrice", "Revenue", "AddressId", "OpenRequest", "RefundRequest", "CurrentOrderStatusId", "PaymentStatus", "JsonOrderModel", "IsEnable", "ShippingFee", "DiscountAmount", "SubTotal", "IsReadyForShipBoxItem", "OrderUpdatedAt") VALUES (575, 178, '2025-03-29 00:17:20.229985+00', NULL, 'VNPAY', 357251, 56250.0, 197, false, false, 2, 'Payment Success', '{"userId": 178, "orderId": null, "subTotal": 336250.0, "addressId": null, "voucherId": null, "totalPrice": 336250.0, "shippingFee": 0.0, "isShipBoxItem": false, "paymentMethod": "VNPAY", "discountAmount": 0.0, "orderItemRequestDto": [{"price": 336250.0, "quantity": 1, "boxOptionId": 140, "originPrice": 280000.0, "isOnlineSerieBox": true, "userRolledItemId": null, "orderItemOpenRequestNumber": 0}]}', true, 21001, 0, 336250, true, '2025-03-29 00:17:20.229985+00');
INSERT INTO public."Orders" ("OrderId", "UserId", "OrderCreatedAt", "VoucherId", "PaymentMethod", "TotalPrice", "Revenue", "AddressId", "OpenRequest", "RefundRequest", "CurrentOrderStatusId", "PaymentStatus", "JsonOrderModel", "IsEnable", "ShippingFee", "DiscountAmount", "SubTotal", "IsReadyForShipBoxItem", "OrderUpdatedAt") VALUES (574, 187, '2025-03-28 21:57:41.003889+00', NULL, 'VNPAY', 256000, 116000.0, 201, false, false, 3, 'Payment Success', '{"userId": 187, "orderId": null, "subTotal": 216000.0, "addressId": null, "voucherId": null, "totalPrice": 216000.0, "shippingFee": 0.0, "isShipBoxItem": false, "paymentMethod": "VNPAY", "discountAmount": 0.0, "orderItemRequestDto": [{"price": 216000.0, "quantity": 1, "boxOptionId": 153, "originPrice": 100000.0, "isOnlineSerieBox": true, "userRolledItemId": null, "orderItemOpenRequestNumber": 0}]}', true, 40000, 0, 216000, true, '2025-03-28 21:57:41.00389+00');
INSERT INTO public."Orders" ("OrderId", "UserId", "OrderCreatedAt", "VoucherId", "PaymentMethod", "TotalPrice", "Revenue", "AddressId", "OpenRequest", "RefundRequest", "CurrentOrderStatusId", "PaymentStatus", "JsonOrderModel", "IsEnable", "ShippingFee", "DiscountAmount", "SubTotal", "IsReadyForShipBoxItem", "OrderUpdatedAt") VALUES (576, 188, '2025-03-29 01:11:38.494943+00', NULL, 'VNPAY', 259200, 159200.0, NULL, false, false, 2, 'Payment Success', '{"userId": 188, "orderId": null, "subTotal": 259200.0, "addressId": null, "voucherId": null, "totalPrice": 259200.0, "shippingFee": 0.0, "isShipBoxItem": false, "paymentMethod": "VNPAY", "discountAmount": 0.0, "orderItemRequestDto": [{"price": 259200.0, "quantity": 1, "boxOptionId": 153, "originPrice": 100000.0, "isOnlineSerieBox": true, "userRolledItemId": null, "orderItemOpenRequestNumber": 0}]}', true, 0, 0, 259200, false, '2025-03-29 01:11:38.494943+00');
INSERT INTO public."Orders" ("OrderId", "UserId", "OrderCreatedAt", "VoucherId", "PaymentMethod", "TotalPrice", "Revenue", "AddressId", "OpenRequest", "RefundRequest", "CurrentOrderStatusId", "PaymentStatus", "JsonOrderModel", "IsEnable", "ShippingFee", "DiscountAmount", "SubTotal", "IsReadyForShipBoxItem", "OrderUpdatedAt") VALUES (577, 188, '2025-03-29 01:20:16.332443+00', 140, 'VNPAY', 2451001, 90000.0, 202, false, false, 2, 'Payment Success', '{"userId": 188, "orderId": null, "subTotal": 2460000.0, "addressId": 202, "voucherId": 140, "totalPrice": 2451001.0, "shippingFee": 21001.0, "isShipBoxItem": false, "paymentMethod": "VNPAY", "discountAmount": 30000.0, "orderItemRequestDto": [{"price": 230000.0, "quantity": 2, "boxOptionId": 144, "originPrice": 270000.0, "isOnlineSerieBox": false, "userRolledItemId": null, "orderItemOpenRequestNumber": 0}, {"price": 2000000.0, "quantity": 1, "boxOptionId": 143, "originPrice": 1800000.0, "isOnlineSerieBox": false, "userRolledItemId": null, "orderItemOpenRequestNumber": 0}]}', true, 21001, 30000, 2460000, false, '2025-03-29 01:20:16.332444+00');
INSERT INTO public."Orders" ("OrderId", "UserId", "OrderCreatedAt", "VoucherId", "PaymentMethod", "TotalPrice", "Revenue", "AddressId", "OpenRequest", "RefundRequest", "CurrentOrderStatusId", "PaymentStatus", "JsonOrderModel", "IsEnable", "ShippingFee", "DiscountAmount", "SubTotal", "IsReadyForShipBoxItem", "OrderUpdatedAt") VALUES (579, 188, '2025-03-29 02:06:12.234642+00', NULL, 'VNPAY', 485833, 184832.0, 202, false, false, 2, 'Payment Success', '{"userId": 188, "orderId": null, "subTotal": 464832.0, "addressId": null, "voucherId": null, "totalPrice": 464832.0, "shippingFee": 0.0, "isShipBoxItem": false, "paymentMethod": "VNPAY", "discountAmount": 0.0, "orderItemRequestDto": [{"price": 464832.0, "quantity": 1, "boxOptionId": 150, "originPrice": 280000.0, "isOnlineSerieBox": true, "userRolledItemId": null, "orderItemOpenRequestNumber": 0}]}', true, 21001, 0, 464832, true, '2025-03-29 02:06:12.234642+00');
INSERT INTO public."Orders" ("OrderId", "UserId", "OrderCreatedAt", "VoucherId", "PaymentMethod", "TotalPrice", "Revenue", "AddressId", "OpenRequest", "RefundRequest", "CurrentOrderStatusId", "PaymentStatus", "JsonOrderModel", "IsEnable", "ShippingFee", "DiscountAmount", "SubTotal", "IsReadyForShipBoxItem", "OrderUpdatedAt") VALUES (578, 188, '2025-03-29 02:00:47.359019+00', NULL, 'VNPAY', 2501001, 311000.0, 202, false, false, 5, 'Payment Success', '{"userId": 188, "orderId": null, "subTotal": 2480000.0, "addressId": 202, "voucherId": null, "totalPrice": 2501001.0, "shippingFee": 21001.0, "isShipBoxItem": false, "paymentMethod": "VNPAY", "discountAmount": 0.0, "orderItemRequestDto": [{"price": 280000.0, "quantity": 1, "boxOptionId": 152, "originPrice": 269000.0, "isOnlineSerieBox": false, "userRolledItemId": null, "orderItemOpenRequestNumber": 1}, {"price": 280000.0, "quantity": 1, "boxOptionId": 142, "originPrice": 320000.0, "isOnlineSerieBox": false, "userRolledItemId": null, "orderItemOpenRequestNumber": 0}, {"price": 1920000.0, "quantity": 1, "boxOptionId": 138, "originPrice": 1300000.0, "isOnlineSerieBox": false, "userRolledItemId": null, "orderItemOpenRequestNumber": 0}]}', true, 21001, 0, 2480000, false, '2025-03-29 02:04:51.756037+00');


--
-- TOC entry 4699 (class 0 OID 16454)
-- Dependencies: 221
-- Data for Name: Roles; Type: TABLE DATA; Schema: public; Owner: -
--

INSERT INTO public."Roles" ("RoleId", "RoleName") VALUES (1, 'Admin');
INSERT INTO public."Roles" ("RoleId", "RoleName") VALUES (2, 'Staff');
INSERT INTO public."Roles" ("RoleId", "RoleName") VALUES (3, 'User');


--
-- TOC entry 4737 (class 0 OID 17018)
-- Dependencies: 259
-- Data for Name: UserRolledItems; Type: TABLE DATA; Schema: public; Owner: -
--

INSERT INTO public."UserRolledItems" ("UserRolledItemId", "UserId", "BoxItemId", "IsCheckOut", "OnlineSerieBoxId") VALUES (224, 178, 132, true, 140);
INSERT INTO public."UserRolledItems" ("UserRolledItemId", "UserId", "BoxItemId", "IsCheckOut", "OnlineSerieBoxId") VALUES (225, 177, 143, false, 146);
INSERT INTO public."UserRolledItems" ("UserRolledItemId", "UserId", "BoxItemId", "IsCheckOut", "OnlineSerieBoxId") VALUES (226, 177, 142, false, 146);
INSERT INTO public."UserRolledItems" ("UserRolledItemId", "UserId", "BoxItemId", "IsCheckOut", "OnlineSerieBoxId") VALUES (228, 177, 139, false, 146);
INSERT INTO public."UserRolledItems" ("UserRolledItemId", "UserId", "BoxItemId", "IsCheckOut", "OnlineSerieBoxId") VALUES (229, 177, 149, false, 150);
INSERT INTO public."UserRolledItems" ("UserRolledItemId", "UserId", "BoxItemId", "IsCheckOut", "OnlineSerieBoxId") VALUES (230, 177, 153, false, 150);
INSERT INTO public."UserRolledItems" ("UserRolledItemId", "UserId", "BoxItemId", "IsCheckOut", "OnlineSerieBoxId") VALUES (231, 177, 147, false, 150);
INSERT INTO public."UserRolledItems" ("UserRolledItemId", "UserId", "BoxItemId", "IsCheckOut", "OnlineSerieBoxId") VALUES (232, 187, 163, false, 154);
INSERT INTO public."UserRolledItems" ("UserRolledItemId", "UserId", "BoxItemId", "IsCheckOut", "OnlineSerieBoxId") VALUES (233, 187, 162, false, 154);
INSERT INTO public."UserRolledItems" ("UserRolledItemId", "UserId", "BoxItemId", "IsCheckOut", "OnlineSerieBoxId") VALUES (234, 187, 168, false, 153);
INSERT INTO public."UserRolledItems" ("UserRolledItemId", "UserId", "BoxItemId", "IsCheckOut", "OnlineSerieBoxId") VALUES (235, 187, 166, true, 153);
INSERT INTO public."UserRolledItems" ("UserRolledItemId", "UserId", "BoxItemId", "IsCheckOut", "OnlineSerieBoxId") VALUES (236, 178, 137, true, 140);
INSERT INTO public."UserRolledItems" ("UserRolledItemId", "UserId", "BoxItemId", "IsCheckOut", "OnlineSerieBoxId") VALUES (227, 177, 140, true, 146);
INSERT INTO public."UserRolledItems" ("UserRolledItemId", "UserId", "BoxItemId", "IsCheckOut", "OnlineSerieBoxId") VALUES (237, 188, 165, false, 153);
INSERT INTO public."UserRolledItems" ("UserRolledItemId", "UserId", "BoxItemId", "IsCheckOut", "OnlineSerieBoxId") VALUES (238, 188, 154, true, 150);


--
-- TOC entry 4716 (class 0 OID 16597)
-- Dependencies: 238
-- Data for Name: UserVotedBoxItems; Type: TABLE DATA; Schema: public; Owner: -
--

INSERT INTO public."UserVotedBoxItems" ("UserVotedBoxItemId", "BoxItemId", "UserId", "LastUpdated", "Rating") VALUES (150, 136, 178, '2025-03-28 18:46:20.036117+00', 5);
INSERT INTO public."UserVotedBoxItems" ("UserVotedBoxItemId", "BoxItemId", "UserId", "LastUpdated", "Rating") VALUES (151, 139, 177, '2025-03-28 19:48:21.776609+00', 4);
INSERT INTO public."UserVotedBoxItems" ("UserVotedBoxItemId", "BoxItemId", "UserId", "LastUpdated", "Rating") VALUES (152, 143, 177, '2025-03-28 19:48:33.350262+00', 5);
INSERT INTO public."UserVotedBoxItems" ("UserVotedBoxItemId", "BoxItemId", "UserId", "LastUpdated", "Rating") VALUES (153, 124, 177, '2025-03-28 19:48:46.817941+00', 3);
INSERT INTO public."UserVotedBoxItems" ("UserVotedBoxItemId", "BoxItemId", "UserId", "LastUpdated", "Rating") VALUES (154, 124, 174, '2025-03-28 19:48:55.710195+00', 1);
INSERT INTO public."UserVotedBoxItems" ("UserVotedBoxItemId", "BoxItemId", "UserId", "LastUpdated", "Rating") VALUES (155, 140, 177, '2025-03-28 19:49:00.029414+00', 5);
INSERT INTO public."UserVotedBoxItems" ("UserVotedBoxItemId", "BoxItemId", "UserId", "LastUpdated", "Rating") VALUES (156, 142, 177, '2025-03-28 19:49:07.776657+00', 4);
INSERT INTO public."UserVotedBoxItems" ("UserVotedBoxItemId", "BoxItemId", "UserId", "LastUpdated", "Rating") VALUES (157, 127, 177, '2025-03-28 19:49:32.105297+00', 5);
INSERT INTO public."UserVotedBoxItems" ("UserVotedBoxItemId", "BoxItemId", "UserId", "LastUpdated", "Rating") VALUES (158, 131, 177, '2025-03-28 19:49:40.588874+00', 4);
INSERT INTO public."UserVotedBoxItems" ("UserVotedBoxItemId", "BoxItemId", "UserId", "LastUpdated", "Rating") VALUES (159, 132, 177, '2025-03-28 19:49:47.215729+00', 4);
INSERT INTO public."UserVotedBoxItems" ("UserVotedBoxItemId", "BoxItemId", "UserId", "LastUpdated", "Rating") VALUES (160, 130, 177, '2025-03-28 19:49:54.046772+00', 4);
INSERT INTO public."UserVotedBoxItems" ("UserVotedBoxItemId", "BoxItemId", "UserId", "LastUpdated", "Rating") VALUES (161, 167, 177, '2025-03-28 19:50:08.244421+00', 5);
INSERT INTO public."UserVotedBoxItems" ("UserVotedBoxItemId", "BoxItemId", "UserId", "LastUpdated", "Rating") VALUES (162, 151, 177, '2025-03-28 19:50:21.008769+00', 5);
INSERT INTO public."UserVotedBoxItems" ("UserVotedBoxItemId", "BoxItemId", "UserId", "LastUpdated", "Rating") VALUES (163, 154, 177, '2025-03-28 19:50:27.966654+00', 5);
INSERT INTO public."UserVotedBoxItems" ("UserVotedBoxItemId", "BoxItemId", "UserId", "LastUpdated", "Rating") VALUES (164, 146, 177, '2025-03-28 19:57:02.131069+00', 5);


--
-- TOC entry 4705 (class 0 OID 16491)
-- Dependencies: 227
-- Data for Name: Users; Type: TABLE DATA; Schema: public; Owner: -
--

INSERT INTO public."Users" ("UserId", "Username", "Password", "Fullname", "Phone", "Email", "RoleId", "Gender", "IsActive", "AvatarUrl", "IsDelete") VALUES (174, 'GiapAdmin', 'Giap123456', 'Nguyen Quang Giap', '0943911515', 'giap@gmail.com', 1, true, true, NULL, false);
INSERT INTO public."Users" ("UserId", "Username", "Password", "Fullname", "Phone", "Email", "RoleId", "Gender", "IsActive", "AvatarUrl", "IsDelete") VALUES (175, 'PhongAdmin', 'Giap123456', 'Lam Quoc Phong', '0943911512', 'PhongLam@gmail.com', 1, true, true, NULL, false);
INSERT INTO public."Users" ("UserId", "Username", "Password", "Fullname", "Phone", "Email", "RoleId", "Gender", "IsActive", "AvatarUrl", "IsDelete") VALUES (176, 'MinhAdmin', 'Giap123456', 'Luong The Minh', '0943911514', 'MinhLuong@gmail.com', 1, true, true, NULL, false);
INSERT INTO public."Users" ("UserId", "Username", "Password", "Fullname", "Phone", "Email", "RoleId", "Gender", "IsActive", "AvatarUrl", "IsDelete") VALUES (183, 'Quang Hai ', '30122004@Minh', 'Nguyen Quang Hai ', '0703308388', 'test1@gmail.com', 3, true, true, 'https://cloud.appwrite.io/v1/storage/buckets/67b01654001d8ae97462/files/67e6f9e0cf6240c3cd83/view?project=67b0163f001c5610d6cb', false);
INSERT INTO public."Users" ("UserId", "Username", "Password", "Fullname", "Phone", "Email", "RoleId", "Gender", "IsActive", "AvatarUrl", "IsDelete") VALUES (178, 'PhongLam', 'lamphong1507A', 'Lâm Quốc Phong', '0586998792', 'lamphong1507@gmail.com', 3, true, true, 'https://cloud.appwrite.io/v1/storage/buckets/67b01654001d8ae97462/files/67e70241ee180ae31e0d/view?project=67b0163f001c5610d6cb', false);
INSERT INTO public."Users" ("UserId", "Username", "Password", "Fullname", "Phone", "Email", "RoleId", "Gender", "IsActive", "AvatarUrl", "IsDelete") VALUES (184, 'Ronaldo CR7', '30122004@Minh', 'Cristiano Ronaldo', '0703308386', 'cr7@gmail.com', 3, true, true, 'https://cloud.appwrite.io/v1/storage/buckets/67b01654001d8ae97462/files/67e70274c28302860187/view?project=67b0163f001c5610d6cb', false);
INSERT INTO public."Users" ("UserId", "Username", "Password", "Fullname", "Phone", "Email", "RoleId", "Gender", "IsActive", "AvatarUrl", "IsDelete") VALUES (179, 'QuangGiap', 'Giap123456', 'Nguyen Quang Giap', '0943911523', 'nguyenquanggiap642004@gmail.com', 3, true, true, 'https://cloud.appwrite.io/v1/storage/buckets/67b01654001d8ae97462/files/67e70298be5e031d60c8/view?project=67b0163f001c5610d6cb', false);
INSERT INTO public."Users" ("UserId", "Username", "Password", "Fullname", "Phone", "Email", "RoleId", "Gender", "IsActive", "AvatarUrl", "IsDelete") VALUES (185, 'Antony', '30122004@Minh', 'Antony Brazil', '0703308377', 'antony@gmail.com', 2, true, true, 'https://cloud.appwrite.io/v1/storage/buckets/67b01654001d8ae97462/files/67e702b4736e46627b59/view?project=67b0163f001c5610d6cb', false);
INSERT INTO public."Users" ("UserId", "Username", "Password", "Fullname", "Phone", "Email", "RoleId", "Gender", "IsActive", "AvatarUrl", "IsDelete") VALUES (186, 'Anh Long', '30122004@Minh', 'Anh Ka Long', '0703308333', 'along@gmail.com', 2, true, true, 'https://cloud.appwrite.io/v1/storage/buckets/67b01654001d8ae97462/files/67e702d15f94fa813687/view?project=67b0163f001c5610d6cb', false);
INSERT INTO public."Users" ("UserId", "Username", "Password", "Fullname", "Phone", "Email", "RoleId", "Gender", "IsActive", "AvatarUrl", "IsDelete") VALUES (187, 'yugiohpro1992@gmail.com', 'Giap123456', 'giap nguyen quang', '0943991995', 'yugiohpro1992@gmail.com', 3, false, true, NULL, false);
INSERT INTO public."Users" ("UserId", "Username", "Password", "Fullname", "Phone", "Email", "RoleId", "Gender", "IsActive", "AvatarUrl", "IsDelete") VALUES (177, 'MiBell', '30122004@Minh', 'Minh Luong', '0703308389', 'minh.luong.heo@gmail.com', 1, false, true, 'https://cloud.appwrite.io/v1/storage/buckets/67b01654001d8ae97462/files/67e6f865c3cee3f831c1/view?project=67b0163f001c5610d6cb', false);
INSERT INTO public."Users" ("UserId", "Username", "Password", "Fullname", "Phone", "Email", "RoleId", "Gender", "IsActive", "AvatarUrl", "IsDelete") VALUES (188, 'lamphong15072004', 'Giap123456', 'phong lam', '0943991995', 'lamphong15072004@gmail.com', 3, false, true, 'https://cloud.appwrite.io/v1/storage/buckets/67b01654001d8ae97462/files/67e7488e497aabe25916/view?project=67b0163f001c5610d6cb', false);


--
-- TOC entry 4701 (class 0 OID 16470)
-- Dependencies: 223
-- Data for Name: Vouchers; Type: TABLE DATA; Schema: public; Owner: -
--

INSERT INTO public."Vouchers" ("VoucherId", "VoucherName", "VoucherCode", "VoucherDiscount", "VoucherStartDate", "VoucherEndDate", "MaxDiscount", "IsDeleted", "VoucherPriceRequirement", "NumOfVoucher") VALUES (138, 'SALE5%', 'KZ1PNLA7H', 5, '2025-03-28 17:00:00+00', '2025-03-30 17:00:00+00', 50000, false, 0, 197);
INSERT INTO public."Vouchers" ("VoucherId", "VoucherName", "VoucherCode", "VoucherDiscount", "VoucherStartDate", "VoucherEndDate", "MaxDiscount", "IsDeleted", "VoucherPriceRequirement", "NumOfVoucher") VALUES (141, 'DAILY GIFT', 'U3LUNWYCH', 10, '2025-03-04 17:00:00+00', '2025-04-10 17:00:00+00', 20000, false, 0, 100);
INSERT INTO public."Vouchers" ("VoucherId", "VoucherName", "VoucherCode", "VoucherDiscount", "VoucherStartDate", "VoucherEndDate", "MaxDiscount", "IsDeleted", "VoucherPriceRequirement", "NumOfVoucher") VALUES (142, 'MONDAY ONLY', '52VR2JTUP', 20, '2025-03-13 17:00:00+00', '2025-04-04 17:00:00+00', 80000, false, 0, 56);
INSERT INTO public."Vouchers" ("VoucherId", "VoucherName", "VoucherCode", "VoucherDiscount", "VoucherStartDate", "VoucherEndDate", "MaxDiscount", "IsDeleted", "VoucherPriceRequirement", "NumOfVoucher") VALUES (139, 'SUPER SUNDAY', '4XGXATPW8', 20, '2025-03-25 17:00:00+00', '2025-04-04 17:00:00+00', 50000, false, 0, 19);
INSERT INTO public."Vouchers" ("VoucherId", "VoucherName", "VoucherCode", "VoucherDiscount", "VoucherStartDate", "VoucherEndDate", "MaxDiscount", "IsDeleted", "VoucherPriceRequirement", "NumOfVoucher") VALUES (140, 'BLINDBOX SUMMER', 'LNTATAUWD', 10, '2025-03-25 17:00:00+00', '2025-04-04 17:00:00+00', 30000, false, 0, 22);


--
-- TOC entry 4693 (class 0 OID 16432)
-- Dependencies: 215
-- Data for Name: __EFMigrationsHistory; Type: TABLE DATA; Schema: public; Owner: -
--

INSERT INTO public."__EFMigrationsHistory" ("MigrationId", "ProductVersion") VALUES ('20250202183519_InitialCreate', '9.0.1');
INSERT INTO public."__EFMigrationsHistory" ("MigrationId", "ProductVersion") VALUES ('20250213085126_init cloud', '9.0.1');
INSERT INTO public."__EFMigrationsHistory" ("MigrationId", "ProductVersion") VALUES ('20250213090024_update gender', '9.0.1');
INSERT INTO public."__EFMigrationsHistory" ("MigrationId", "ProductVersion") VALUES ('20250214074436_Update new column in box, boxvariant, user, order, ordeitem', '9.0.1');
INSERT INTO public."__EFMigrationsHistory" ("MigrationId", "ProductVersion") VALUES ('20250214180421_AddIdentityToBlindBoxSystem', '9.0.1');
INSERT INTO public."__EFMigrationsHistory" ("MigrationId", "ProductVersion") VALUES ('20250214193408_MergeUserAndAspNetUser', '9.0.1');
INSERT INTO public."__EFMigrationsHistory" ("MigrationId", "ProductVersion") VALUES ('20250214222206_ChangesToMany', '9.0.1');
INSERT INTO public."__EFMigrationsHistory" ("MigrationId", "ProductVersion") VALUES ('20250217220548_removevarianttable', '9.0.1');
INSERT INTO public."__EFMigrationsHistory" ("MigrationId", "ProductVersion") VALUES ('20250217221233_AddAttributeIntoOrderTable', '9.0.1');
INSERT INTO public."__EFMigrationsHistory" ("MigrationId", "ProductVersion") VALUES ('20250218154326_remove boxOptionPrice', '9.0.1');
INSERT INTO public."__EFMigrationsHistory" ("MigrationId", "ProductVersion") VALUES ('20250219111932_AddVoucherPriceRequireColumn', '9.0.1');
INSERT INTO public."__EFMigrationsHistory" ("MigrationId", "ProductVersion") VALUES ('20250219115712_Change relatiship bw order and feedback', '9.0.1');
INSERT INTO public."__EFMigrationsHistory" ("MigrationId", "ProductVersion") VALUES ('20250221000232_AddCurrentStatusId', '9.0.1');
INSERT INTO public."__EFMigrationsHistory" ("MigrationId", "ProductVersion") VALUES ('20250221002815_addColumnIntoOrder', '9.0.1');
INSERT INTO public."__EFMigrationsHistory" ("MigrationId", "ProductVersion") VALUES ('20250221034901_changeBoxItemBoxOption_FKname', '9.0.1');
INSERT INTO public."__EFMigrationsHistory" ("MigrationId", "ProductVersion") VALUES ('20250221214401_Add_Payment_Status_In_Order', '9.0.1');
INSERT INTO public."__EFMigrationsHistory" ("MigrationId", "ProductVersion") VALUES ('20250221221203_modify_orderCheckCardImage_of_orderItem_nullable', '9.0.1');
INSERT INTO public."__EFMigrationsHistory" ("MigrationId", "ProductVersion") VALUES ('20250223140823_Add json_column_in_order', '9.0.1');
INSERT INTO public."__EFMigrationsHistory" ("MigrationId", "ProductVersion") VALUES ('20250223142734_Add IsEnable_column_in_order_table', '9.0.1');
INSERT INTO public."__EFMigrationsHistory" ("MigrationId", "ProductVersion") VALUES ('20250226034722_Add new column into address table', '9.0.1');
INSERT INTO public."__EFMigrationsHistory" ("MigrationId", "ProductVersion") VALUES ('20250226091204_Remove column', '9.0.1');
INSERT INTO public."__EFMigrationsHistory" ("MigrationId", "ProductVersion") VALUES ('20250226091440_Add new column into table orderitem', '9.0.1');
INSERT INTO public."__EFMigrationsHistory" ("MigrationId", "ProductVersion") VALUES ('20250226111405_add nullable for checkcard column of orderItem', '9.0.1');
INSERT INTO public."__EFMigrationsHistory" ("MigrationId", "ProductVersion") VALUES ('20250227034229_Remove unique of username', '9.0.1');
INSERT INTO public."__EFMigrationsHistory" ("MigrationId", "ProductVersion") VALUES ('20250228153233_add brand url', '9.0.1');
INSERT INTO public."__EFMigrationsHistory" ("MigrationId", "ProductVersion") VALUES ('20250228223144_Remove transaction and user wallet', '9.0.1');
INSERT INTO public."__EFMigrationsHistory" ("MigrationId", "ProductVersion") VALUES ('20250228223436_remove reduntdant table', '9.0.1');
INSERT INTO public."__EFMigrationsHistory" ("MigrationId", "ProductVersion") VALUES ('20250301005951_add NumOfRefund column', '9.0.1');
INSERT INTO public."__EFMigrationsHistory" ("MigrationId", "ProductVersion") VALUES ('20250301105618_add created date in blog', '9.0.1');
INSERT INTO public."__EFMigrationsHistory" ("MigrationId", "ProductVersion") VALUES ('20250304170255_add new att to address table', '9.0.1');
INSERT INTO public."__EFMigrationsHistory" ("MigrationId", "ProductVersion") VALUES ('20250305100656_add shipping fee column', '9.0.1');
INSERT INTO public."__EFMigrationsHistory" ("MigrationId", "ProductVersion") VALUES ('20250305103528_change moneytary value to decimal in order table', '9.0.1');
INSERT INTO public."__EFMigrationsHistory" ("MigrationId", "ProductVersion") VALUES ('20250305104007_change moneytary value type to decimal', '9.0.1');
INSERT INTO public."__EFMigrationsHistory" ("MigrationId", "ProductVersion") VALUES ('20250305104447_change moneytary value to decimal', '9.0.1');
INSERT INTO public."__EFMigrationsHistory" ("MigrationId", "ProductVersion") VALUES ('20250306105630_change relationship and add some new tables', '9.0.1');
INSERT INTO public."__EFMigrationsHistory" ("MigrationId", "ProductVersion") VALUES ('20250306133804_add IsPublished att in OnlineSerieBox table', '9.0.1');
INSERT INTO public."__EFMigrationsHistory" ("MigrationId", "ProductVersion") VALUES ('20250306184743_add new relationship between UserRolledItem and OrderItem', '9.0.1');
INSERT INTO public."__EFMigrationsHistory" ("MigrationId", "ProductVersion") VALUES ('20250307051038_Change database', '9.0.1');
INSERT INTO public."__EFMigrationsHistory" ("MigrationId", "ProductVersion") VALUES ('20250307085619_fix naming erro', '9.0.1');
INSERT INTO public."__EFMigrationsHistory" ("MigrationId", "ProductVersion") VALUES ('20250307124854_Add BasePriceValue to onlineseriebox', '9.0.1');
INSERT INTO public."__EFMigrationsHistory" ("MigrationId", "ProductVersion") VALUES ('20250307132155_Update relationship between CurrentRolledItem and BoxItem', '9.0.1');
INSERT INTO public."__EFMigrationsHistory" ("MigrationId", "ProductVersion") VALUES ('20250307135840_modify current rolled item value', '9.0.1');
INSERT INTO public."__EFMigrationsHistory" ("MigrationId", "ProductVersion") VALUES ('20250311154823_Add image url to onlineserie box', '9.0.1');
INSERT INTO public."__EFMigrationsHistory" ("MigrationId", "ProductVersion") VALUES ('20250312030048_remove name in online serie box', '9.0.1');
INSERT INTO public."__EFMigrationsHistory" ("MigrationId", "ProductVersion") VALUES ('20250312155146_Add new column subtotal, discountamount in order table', '9.0.1');
INSERT INTO public."__EFMigrationsHistory" ("MigrationId", "ProductVersion") VALUES ('20250313083023_Add rating column', '9.0.1');
INSERT INTO public."__EFMigrationsHistory" ("MigrationId", "ProductVersion") VALUES ('20250313181519_Add RefundStatus column in OrderItem', '9.0.1');
INSERT INTO public."__EFMigrationsHistory" ("MigrationId", "ProductVersion") VALUES ('20250321014958_add avatar column', '9.0.1');
INSERT INTO public."__EFMigrationsHistory" ("MigrationId", "ProductVersion") VALUES ('20250325080319_Update-Database', '9.0.1');
INSERT INTO public."__EFMigrationsHistory" ("MigrationId", "ProductVersion") VALUES ('20250325102438_addIsShipOnlineSerieBoxItem', '9.0.1');
INSERT INTO public."__EFMigrationsHistory" ("MigrationId", "ProductVersion") VALUES ('20250325105414_Add IsReadyForShip in Order tbl', '9.0.1');
INSERT INTO public."__EFMigrationsHistory" ("MigrationId", "ProductVersion") VALUES ('20250326060555_change column average rating to float', '9.0.1');
INSERT INTO public."__EFMigrationsHistory" ("MigrationId", "ProductVersion") VALUES ('20250327024953_Add order updated at', '9.0.1');
INSERT INTO public."__EFMigrationsHistory" ("MigrationId", "ProductVersion") VALUES ('20250327030353_remove order updated at column', '9.0.1');
INSERT INTO public."__EFMigrationsHistory" ("MigrationId", "ProductVersion") VALUES ('20250327030458_Add column order updated at in order table', '9.0.1');
INSERT INTO public."__EFMigrationsHistory" ("MigrationId", "ProductVersion") VALUES ('20250327031159_Add note column', '9.0.1');
INSERT INTO public."__EFMigrationsHistory" ("MigrationId", "ProductVersion") VALUES ('20250327140430_Add delete column for brand', '9.0.1');
INSERT INTO public."__EFMigrationsHistory" ("MigrationId", "ProductVersion") VALUES ('20250327140620_Remove brand column', '9.0.1');
INSERT INTO public."__EFMigrationsHistory" ("MigrationId", "ProductVersion") VALUES ('20250328025731_addIsDeleteColumn', '9.0.1');


--
-- TOC entry 4745 (class 0 OID 0)
-- Dependencies: 233
-- Name: Addresses_AddressId_seq; Type: SEQUENCE SET; Schema: public; Owner: -
--

SELECT pg_catalog.setval('public."Addresses_AddressId_seq"', 202, true);


--
-- TOC entry 4746 (class 0 OID 0)
-- Dependencies: 248
-- Name: AspNetRoleClaims_Id_seq; Type: SEQUENCE SET; Schema: public; Owner: -
--

SELECT pg_catalog.setval('public."AspNetRoleClaims_Id_seq"', 1, false);


--
-- TOC entry 4747 (class 0 OID 0)
-- Dependencies: 250
-- Name: AspNetUserClaims_Id_seq; Type: SEQUENCE SET; Schema: public; Owner: -
--

SELECT pg_catalog.setval('public."AspNetUserClaims_Id_seq"', 1, false);


--
-- TOC entry 4748 (class 0 OID 0)
-- Dependencies: 235
-- Name: BlogPosts_BlogPostId_seq; Type: SEQUENCE SET; Schema: public; Owner: -
--

SELECT pg_catalog.setval('public."BlogPosts_BlogPostId_seq"', 116, true);


--
-- TOC entry 4749 (class 0 OID 0)
-- Dependencies: 228
-- Name: BoxImages_BoxImageId_seq; Type: SEQUENCE SET; Schema: public; Owner: -
--

SELECT pg_catalog.setval('public."BoxImages_BoxImageId_seq"', 331, true);


--
-- TOC entry 4750 (class 0 OID 0)
-- Dependencies: 230
-- Name: BoxItems_BoxItemId_seq; Type: SEQUENCE SET; Schema: public; Owner: -
--

SELECT pg_catalog.setval('public."BoxItems_BoxItemId_seq"', 170, true);


--
-- TOC entry 4751 (class 0 OID 0)
-- Dependencies: 255
-- Name: BoxOptions_BoxOptionId_seq; Type: SEQUENCE SET; Schema: public; Owner: -
--

SELECT pg_catalog.setval('public."BoxOptions_BoxOptionId_seq"', 154, true);


--
-- TOC entry 4752 (class 0 OID 0)
-- Dependencies: 224
-- Name: Boxes_BoxId_seq; Type: SEQUENCE SET; Schema: public; Owner: -
--

SELECT pg_catalog.setval('public."Boxes_BoxId_seq"', 109, true);


--
-- TOC entry 4753 (class 0 OID 0)
-- Dependencies: 216
-- Name: Brands_BrandId_seq; Type: SEQUENCE SET; Schema: public; Owner: -
--

SELECT pg_catalog.setval('public."Brands_BrandId_seq"', 27, true);


--
-- TOC entry 4754 (class 0 OID 0)
-- Dependencies: 260
-- Name: CurrentRolledItems_CurrentRolledItemId_seq; Type: SEQUENCE SET; Schema: public; Owner: -
--

SELECT pg_catalog.setval('public."CurrentRolledItems_CurrentRolledItemId_seq"', 238, true);


--
-- TOC entry 4755 (class 0 OID 0)
-- Dependencies: 244
-- Name: Feedbacks_FeedbackId_seq; Type: SEQUENCE SET; Schema: public; Owner: -
--

SELECT pg_catalog.setval('public."Feedbacks_FeedbackId_seq"', 150, true);


--
-- TOC entry 4756 (class 0 OID 0)
-- Dependencies: 241
-- Name: OrderItems_OrderItemId_seq; Type: SEQUENCE SET; Schema: public; Owner: -
--

SELECT pg_catalog.setval('public."OrderItems_OrderItemId_seq"', 673, true);


--
-- TOC entry 4757 (class 0 OID 0)
-- Dependencies: 218
-- Name: OrderStatuses_OrderStatusId_seq; Type: SEQUENCE SET; Schema: public; Owner: -
--

SELECT pg_catalog.setval('public."OrderStatuses_OrderStatusId_seq"', 1, false);


--
-- TOC entry 4758 (class 0 OID 0)
-- Dependencies: 239
-- Name: Orders_OrderId_seq; Type: SEQUENCE SET; Schema: public; Owner: -
--

SELECT pg_catalog.setval('public."Orders_OrderId_seq"', 579, true);


--
-- TOC entry 4759 (class 0 OID 0)
-- Dependencies: 220
-- Name: Roles_RoleId_seq; Type: SEQUENCE SET; Schema: public; Owner: -
--

SELECT pg_catalog.setval('public."Roles_RoleId_seq"', 1, false);


--
-- TOC entry 4760 (class 0 OID 0)
-- Dependencies: 258
-- Name: UserRolledItems_UserRolledItemId_seq; Type: SEQUENCE SET; Schema: public; Owner: -
--

SELECT pg_catalog.setval('public."UserRolledItems_UserRolledItemId_seq"', 238, true);


--
-- TOC entry 4761 (class 0 OID 0)
-- Dependencies: 237
-- Name: UserVotedBoxItems_UserVotedBoxItemId_seq; Type: SEQUENCE SET; Schema: public; Owner: -
--

SELECT pg_catalog.setval('public."UserVotedBoxItems_UserVotedBoxItemId_seq"', 164, true);


--
-- TOC entry 4762 (class 0 OID 0)
-- Dependencies: 226
-- Name: Users_UserId_seq; Type: SEQUENCE SET; Schema: public; Owner: -
--

SELECT pg_catalog.setval('public."Users_UserId_seq"', 188, true);


--
-- TOC entry 4763 (class 0 OID 0)
-- Dependencies: 222
-- Name: Vouchers_VoucherId_seq; Type: SEQUENCE SET; Schema: public; Owner: -
--

SELECT pg_catalog.setval('public."Vouchers_VoucherId_seq"', 142, true);


--
-- TOC entry 4461 (class 2606 OID 16567)
-- Name: Addresses PK_Addresses; Type: CONSTRAINT; Schema: public; Owner: -
--

ALTER TABLE ONLY public."Addresses"
    ADD CONSTRAINT "PK_Addresses" PRIMARY KEY ("AddressId");


--
-- TOC entry 4495 (class 2606 OID 16770)
-- Name: AspNetRoleClaims PK_AspNetRoleClaims; Type: CONSTRAINT; Schema: public; Owner: -
--

ALTER TABLE ONLY public."AspNetRoleClaims"
    ADD CONSTRAINT "PK_AspNetRoleClaims" PRIMARY KEY ("Id");


--
-- TOC entry 4487 (class 2606 OID 16755)
-- Name: AspNetRoles PK_AspNetRoles; Type: CONSTRAINT; Schema: public; Owner: -
--

ALTER TABLE ONLY public."AspNetRoles"
    ADD CONSTRAINT "PK_AspNetRoles" PRIMARY KEY ("Id");


--
-- TOC entry 4498 (class 2606 OID 16783)
-- Name: AspNetUserClaims PK_AspNetUserClaims; Type: CONSTRAINT; Schema: public; Owner: -
--

ALTER TABLE ONLY public."AspNetUserClaims"
    ADD CONSTRAINT "PK_AspNetUserClaims" PRIMARY KEY ("Id");


--
-- TOC entry 4501 (class 2606 OID 16795)
-- Name: AspNetUserLogins PK_AspNetUserLogins; Type: CONSTRAINT; Schema: public; Owner: -
--

ALTER TABLE ONLY public."AspNetUserLogins"
    ADD CONSTRAINT "PK_AspNetUserLogins" PRIMARY KEY ("LoginProvider", "ProviderKey");


--
-- TOC entry 4504 (class 2606 OID 16807)
-- Name: AspNetUserRoles PK_AspNetUserRoles; Type: CONSTRAINT; Schema: public; Owner: -
--

ALTER TABLE ONLY public."AspNetUserRoles"
    ADD CONSTRAINT "PK_AspNetUserRoles" PRIMARY KEY ("UserId", "RoleId");


--
-- TOC entry 4506 (class 2606 OID 16824)
-- Name: AspNetUserTokens PK_AspNetUserTokens; Type: CONSTRAINT; Schema: public; Owner: -
--

ALTER TABLE ONLY public."AspNetUserTokens"
    ADD CONSTRAINT "PK_AspNetUserTokens" PRIMARY KEY ("UserId", "LoginProvider", "Name");


--
-- TOC entry 4491 (class 2606 OID 16762)
-- Name: AspNetUsers PK_AspNetUsers; Type: CONSTRAINT; Schema: public; Owner: -
--

ALTER TABLE ONLY public."AspNetUsers"
    ADD CONSTRAINT "PK_AspNetUsers" PRIMARY KEY ("Id");


--
-- TOC entry 4464 (class 2606 OID 16580)
-- Name: BlogPosts PK_BlogPosts; Type: CONSTRAINT; Schema: public; Owner: -
--

ALTER TABLE ONLY public."BlogPosts"
    ADD CONSTRAINT "PK_BlogPosts" PRIMARY KEY ("BlogPostId");


--
-- TOC entry 4453 (class 2606 OID 16510)
-- Name: BoxImages PK_BoxImages; Type: CONSTRAINT; Schema: public; Owner: -
--

ALTER TABLE ONLY public."BoxImages"
    ADD CONSTRAINT "PK_BoxImages" PRIMARY KEY ("BoxImageId");


--
-- TOC entry 4456 (class 2606 OID 16523)
-- Name: BoxItems PK_BoxItems; Type: CONSTRAINT; Schema: public; Owner: -
--

ALTER TABLE ONLY public."BoxItems"
    ADD CONSTRAINT "PK_BoxItems" PRIMARY KEY ("BoxItemId");


--
-- TOC entry 4509 (class 2606 OID 16853)
-- Name: BoxOptions PK_BoxOptions; Type: CONSTRAINT; Schema: public; Owner: -
--

ALTER TABLE ONLY public."BoxOptions"
    ADD CONSTRAINT "PK_BoxOptions" PRIMARY KEY ("BoxOptionId");


--
-- TOC entry 4445 (class 2606 OID 16484)
-- Name: Boxes PK_Boxes; Type: CONSTRAINT; Schema: public; Owner: -
--

ALTER TABLE ONLY public."Boxes"
    ADD CONSTRAINT "PK_Boxes" PRIMARY KEY ("BoxId");


--
-- TOC entry 4434 (class 2606 OID 16444)
-- Name: Brands PK_Brands; Type: CONSTRAINT; Schema: public; Owner: -
--

ALTER TABLE ONLY public."Brands"
    ADD CONSTRAINT "PK_Brands" PRIMARY KEY ("BrandId");


--
-- TOC entry 4513 (class 2606 OID 17006)
-- Name: CurrentRolledItems PK_CurrentRolledItems; Type: CONSTRAINT; Schema: public; Owner: -
--

ALTER TABLE ONLY public."CurrentRolledItems"
    ADD CONSTRAINT "PK_CurrentRolledItems" PRIMARY KEY ("CurrentRolledItemId");


--
-- TOC entry 4485 (class 2606 OID 16705)
-- Name: Feedbacks PK_Feedbacks; Type: CONSTRAINT; Schema: public; Owner: -
--

ALTER TABLE ONLY public."Feedbacks"
    ADD CONSTRAINT "PK_Feedbacks" PRIMARY KEY ("FeedbackId");


--
-- TOC entry 4458 (class 2606 OID 16554)
-- Name: OnlineSerieBoxes PK_OnlineSerieBoxes; Type: CONSTRAINT; Schema: public; Owner: -
--

ALTER TABLE ONLY public."OnlineSerieBoxes"
    ADD CONSTRAINT "PK_OnlineSerieBoxes" PRIMARY KEY ("OnlineSerieBoxId");


--
-- TOC entry 4478 (class 2606 OID 16670)
-- Name: OrderItems PK_OrderItems; Type: CONSTRAINT; Schema: public; Owner: -
--

ALTER TABLE ONLY public."OrderItems"
    ADD CONSTRAINT "PK_OrderItems" PRIMARY KEY ("OrderItemId");


--
-- TOC entry 4481 (class 2606 OID 16687)
-- Name: OrderStatusDetails PK_OrderStatusDetails; Type: CONSTRAINT; Schema: public; Owner: -
--

ALTER TABLE ONLY public."OrderStatusDetails"
    ADD CONSTRAINT "PK_OrderStatusDetails" PRIMARY KEY ("OrderId", "OrderStatusId");


--
-- TOC entry 4436 (class 2606 OID 16452)
-- Name: OrderStatuses PK_OrderStatuses; Type: CONSTRAINT; Schema: public; Owner: -
--

ALTER TABLE ONLY public."OrderStatuses"
    ADD CONSTRAINT "PK_OrderStatuses" PRIMARY KEY ("OrderStatusId");


--
-- TOC entry 4473 (class 2606 OID 16634)
-- Name: Orders PK_Orders; Type: CONSTRAINT; Schema: public; Owner: -
--

ALTER TABLE ONLY public."Orders"
    ADD CONSTRAINT "PK_Orders" PRIMARY KEY ("OrderId");


--
-- TOC entry 4438 (class 2606 OID 16460)
-- Name: Roles PK_Roles; Type: CONSTRAINT; Schema: public; Owner: -
--

ALTER TABLE ONLY public."Roles"
    ADD CONSTRAINT "PK_Roles" PRIMARY KEY ("RoleId");


--
-- TOC entry 4518 (class 2606 OID 17022)
-- Name: UserRolledItems PK_UserRolledItems; Type: CONSTRAINT; Schema: public; Owner: -
--

ALTER TABLE ONLY public."UserRolledItems"
    ADD CONSTRAINT "PK_UserRolledItems" PRIMARY KEY ("UserRolledItemId");


--
-- TOC entry 4468 (class 2606 OID 16601)
-- Name: UserVotedBoxItems PK_UserVotedBoxItems; Type: CONSTRAINT; Schema: public; Owner: -
--

ALTER TABLE ONLY public."UserVotedBoxItems"
    ADD CONSTRAINT "PK_UserVotedBoxItems" PRIMARY KEY ("UserVotedBoxItemId");


--
-- TOC entry 4450 (class 2606 OID 16497)
-- Name: Users PK_Users; Type: CONSTRAINT; Schema: public; Owner: -
--

ALTER TABLE ONLY public."Users"
    ADD CONSTRAINT "PK_Users" PRIMARY KEY ("UserId");


--
-- TOC entry 4441 (class 2606 OID 16476)
-- Name: Vouchers PK_Vouchers; Type: CONSTRAINT; Schema: public; Owner: -
--

ALTER TABLE ONLY public."Vouchers"
    ADD CONSTRAINT "PK_Vouchers" PRIMARY KEY ("VoucherId");


--
-- TOC entry 4432 (class 2606 OID 16436)
-- Name: __EFMigrationsHistory PK___EFMigrationsHistory; Type: CONSTRAINT; Schema: public; Owner: -
--

ALTER TABLE ONLY public."__EFMigrationsHistory"
    ADD CONSTRAINT "PK___EFMigrationsHistory" PRIMARY KEY ("MigrationId");


--
-- TOC entry 4489 (class 1259 OID 16835)
-- Name: EmailIndex; Type: INDEX; Schema: public; Owner: -
--

CREATE INDEX "EmailIndex" ON public."AspNetUsers" USING btree ("NormalizedEmail");


--
-- TOC entry 4459 (class 1259 OID 16716)
-- Name: IX_Addresses_UserId; Type: INDEX; Schema: public; Owner: -
--

CREATE INDEX "IX_Addresses_UserId" ON public."Addresses" USING btree ("UserId");


--
-- TOC entry 4493 (class 1259 OID 16830)
-- Name: IX_AspNetRoleClaims_RoleId; Type: INDEX; Schema: public; Owner: -
--

CREATE INDEX "IX_AspNetRoleClaims_RoleId" ON public."AspNetRoleClaims" USING btree ("RoleId");


--
-- TOC entry 4496 (class 1259 OID 16832)
-- Name: IX_AspNetUserClaims_UserId; Type: INDEX; Schema: public; Owner: -
--

CREATE INDEX "IX_AspNetUserClaims_UserId" ON public."AspNetUserClaims" USING btree ("UserId");


--
-- TOC entry 4499 (class 1259 OID 16833)
-- Name: IX_AspNetUserLogins_UserId; Type: INDEX; Schema: public; Owner: -
--

CREATE INDEX "IX_AspNetUserLogins_UserId" ON public."AspNetUserLogins" USING btree ("UserId");


--
-- TOC entry 4502 (class 1259 OID 16834)
-- Name: IX_AspNetUserRoles_RoleId; Type: INDEX; Schema: public; Owner: -
--

CREATE INDEX "IX_AspNetUserRoles_RoleId" ON public."AspNetUserRoles" USING btree ("RoleId");


--
-- TOC entry 4462 (class 1259 OID 16717)
-- Name: IX_BlogPosts_UserId; Type: INDEX; Schema: public; Owner: -
--

CREATE INDEX "IX_BlogPosts_UserId" ON public."BlogPosts" USING btree ("UserId");


--
-- TOC entry 4451 (class 1259 OID 16720)
-- Name: IX_BoxImages_BoxId; Type: INDEX; Schema: public; Owner: -
--

CREATE INDEX "IX_BoxImages_BoxId" ON public."BoxImages" USING btree ("BoxId");


--
-- TOC entry 4454 (class 1259 OID 16721)
-- Name: IX_BoxItems_BoxId; Type: INDEX; Schema: public; Owner: -
--

CREATE INDEX "IX_BoxItems_BoxId" ON public."BoxItems" USING btree ("BoxId");


--
-- TOC entry 4507 (class 1259 OID 16859)
-- Name: IX_BoxOptions_BoxId; Type: INDEX; Schema: public; Owner: -
--

CREATE INDEX "IX_BoxOptions_BoxId" ON public."BoxOptions" USING btree ("BoxId");


--
-- TOC entry 4442 (class 1259 OID 16718)
-- Name: IX_Boxes_BoxName; Type: INDEX; Schema: public; Owner: -
--

CREATE UNIQUE INDEX "IX_Boxes_BoxName" ON public."Boxes" USING btree ("BoxName");


--
-- TOC entry 4443 (class 1259 OID 16719)
-- Name: IX_Boxes_BrandId; Type: INDEX; Schema: public; Owner: -
--

CREATE INDEX "IX_Boxes_BrandId" ON public."Boxes" USING btree ("BrandId");


--
-- TOC entry 4510 (class 1259 OID 17067)
-- Name: IX_CurrentRolledItems_BoxItemId; Type: INDEX; Schema: public; Owner: -
--

CREATE INDEX "IX_CurrentRolledItems_BoxItemId" ON public."CurrentRolledItems" USING btree ("BoxItemId");


--
-- TOC entry 4511 (class 1259 OID 17038)
-- Name: IX_CurrentRolledItems_OnlineSerieBoxId; Type: INDEX; Schema: public; Owner: -
--

CREATE INDEX "IX_CurrentRolledItems_OnlineSerieBoxId" ON public."CurrentRolledItems" USING btree ("OnlineSerieBoxId");


--
-- TOC entry 4482 (class 1259 OID 16869)
-- Name: IX_Feedbacks_OrderItemId; Type: INDEX; Schema: public; Owner: -
--

CREATE UNIQUE INDEX "IX_Feedbacks_OrderItemId" ON public."Feedbacks" USING btree ("OrderItemId");


--
-- TOC entry 4483 (class 1259 OID 16725)
-- Name: IX_Feedbacks_UserId; Type: INDEX; Schema: public; Owner: -
--

CREATE INDEX "IX_Feedbacks_UserId" ON public."Feedbacks" USING btree ("UserId");


--
-- TOC entry 4474 (class 1259 OID 16884)
-- Name: IX_OrderItems_BoxOptionId; Type: INDEX; Schema: public; Owner: -
--

CREATE INDEX "IX_OrderItems_BoxOptionId" ON public."OrderItems" USING btree ("BoxOptionId");


--
-- TOC entry 4475 (class 1259 OID 16728)
-- Name: IX_OrderItems_OrderId; Type: INDEX; Schema: public; Owner: -
--

CREATE INDEX "IX_OrderItems_OrderId" ON public."OrderItems" USING btree ("OrderId");


--
-- TOC entry 4476 (class 1259 OID 17048)
-- Name: IX_OrderItems_UserRolledItemId; Type: INDEX; Schema: public; Owner: -
--

CREATE INDEX "IX_OrderItems_UserRolledItemId" ON public."OrderItems" USING btree ("UserRolledItemId");


--
-- TOC entry 4479 (class 1259 OID 16732)
-- Name: IX_OrderStatusDetails_OrderStatusId; Type: INDEX; Schema: public; Owner: -
--

CREATE INDEX "IX_OrderStatusDetails_OrderStatusId" ON public."OrderStatusDetails" USING btree ("OrderStatusId");


--
-- TOC entry 4469 (class 1259 OID 16729)
-- Name: IX_Orders_AddressId; Type: INDEX; Schema: public; Owner: -
--

CREATE INDEX "IX_Orders_AddressId" ON public."Orders" USING btree ("AddressId");


--
-- TOC entry 4470 (class 1259 OID 16730)
-- Name: IX_Orders_UserId; Type: INDEX; Schema: public; Owner: -
--

CREATE INDEX "IX_Orders_UserId" ON public."Orders" USING btree ("UserId");


--
-- TOC entry 4471 (class 1259 OID 16731)
-- Name: IX_Orders_VoucherId; Type: INDEX; Schema: public; Owner: -
--

CREATE INDEX "IX_Orders_VoucherId" ON public."Orders" USING btree ("VoucherId");


--
-- TOC entry 4514 (class 1259 OID 17039)
-- Name: IX_UserRolledItems_BoxItemId; Type: INDEX; Schema: public; Owner: -
--

CREATE INDEX "IX_UserRolledItems_BoxItemId" ON public."UserRolledItems" USING btree ("BoxItemId");


--
-- TOC entry 4515 (class 1259 OID 17040)
-- Name: IX_UserRolledItems_OnlineSerieBoxId; Type: INDEX; Schema: public; Owner: -
--

CREATE INDEX "IX_UserRolledItems_OnlineSerieBoxId" ON public."UserRolledItems" USING btree ("OnlineSerieBoxId");


--
-- TOC entry 4516 (class 1259 OID 17041)
-- Name: IX_UserRolledItems_UserId; Type: INDEX; Schema: public; Owner: -
--

CREATE INDEX "IX_UserRolledItems_UserId" ON public."UserRolledItems" USING btree ("UserId");


--
-- TOC entry 4465 (class 1259 OID 16738)
-- Name: IX_UserVotedBoxItems_BoxItemId; Type: INDEX; Schema: public; Owner: -
--

CREATE INDEX "IX_UserVotedBoxItems_BoxItemId" ON public."UserVotedBoxItems" USING btree ("BoxItemId");


--
-- TOC entry 4466 (class 1259 OID 16739)
-- Name: IX_UserVotedBoxItems_UserId; Type: INDEX; Schema: public; Owner: -
--

CREATE INDEX "IX_UserVotedBoxItems_UserId" ON public."UserVotedBoxItems" USING btree ("UserId");


--
-- TOC entry 4446 (class 1259 OID 16735)
-- Name: IX_Users_Email; Type: INDEX; Schema: public; Owner: -
--

CREATE UNIQUE INDEX "IX_Users_Email" ON public."Users" USING btree ("Email");


--
-- TOC entry 4447 (class 1259 OID 16736)
-- Name: IX_Users_RoleId; Type: INDEX; Schema: public; Owner: -
--

CREATE INDEX "IX_Users_RoleId" ON public."Users" USING btree ("RoleId");


--
-- TOC entry 4448 (class 1259 OID 16737)
-- Name: IX_Users_Username; Type: INDEX; Schema: public; Owner: -
--

CREATE UNIQUE INDEX "IX_Users_Username" ON public."Users" USING btree ("Username");


--
-- TOC entry 4439 (class 1259 OID 16740)
-- Name: IX_Vouchers_VoucherCode; Type: INDEX; Schema: public; Owner: -
--

CREATE UNIQUE INDEX "IX_Vouchers_VoucherCode" ON public."Vouchers" USING btree ("VoucherCode");


--
-- TOC entry 4488 (class 1259 OID 16831)
-- Name: RoleNameIndex; Type: INDEX; Schema: public; Owner: -
--

CREATE UNIQUE INDEX "RoleNameIndex" ON public."AspNetRoles" USING btree ("NormalizedName");


--
-- TOC entry 4492 (class 1259 OID 16836)
-- Name: UserNameIndex; Type: INDEX; Schema: public; Owner: -
--

CREATE UNIQUE INDEX "UserNameIndex" ON public."AspNetUsers" USING btree ("NormalizedUserName");


--
-- TOC entry 4524 (class 2606 OID 16568)
-- Name: Addresses FK_Addresses_Users_UserId; Type: FK CONSTRAINT; Schema: public; Owner: -
--

ALTER TABLE ONLY public."Addresses"
    ADD CONSTRAINT "FK_Addresses_Users_UserId" FOREIGN KEY ("UserId") REFERENCES public."Users"("UserId") ON DELETE CASCADE;


--
-- TOC entry 4538 (class 2606 OID 16771)
-- Name: AspNetRoleClaims FK_AspNetRoleClaims_AspNetRoles_RoleId; Type: FK CONSTRAINT; Schema: public; Owner: -
--

ALTER TABLE ONLY public."AspNetRoleClaims"
    ADD CONSTRAINT "FK_AspNetRoleClaims_AspNetRoles_RoleId" FOREIGN KEY ("RoleId") REFERENCES public."AspNetRoles"("Id") ON DELETE CASCADE;


--
-- TOC entry 4539 (class 2606 OID 16784)
-- Name: AspNetUserClaims FK_AspNetUserClaims_AspNetUsers_UserId; Type: FK CONSTRAINT; Schema: public; Owner: -
--

ALTER TABLE ONLY public."AspNetUserClaims"
    ADD CONSTRAINT "FK_AspNetUserClaims_AspNetUsers_UserId" FOREIGN KEY ("UserId") REFERENCES public."AspNetUsers"("Id") ON DELETE CASCADE;


--
-- TOC entry 4540 (class 2606 OID 16796)
-- Name: AspNetUserLogins FK_AspNetUserLogins_AspNetUsers_UserId; Type: FK CONSTRAINT; Schema: public; Owner: -
--

ALTER TABLE ONLY public."AspNetUserLogins"
    ADD CONSTRAINT "FK_AspNetUserLogins_AspNetUsers_UserId" FOREIGN KEY ("UserId") REFERENCES public."AspNetUsers"("Id") ON DELETE CASCADE;


--
-- TOC entry 4541 (class 2606 OID 16808)
-- Name: AspNetUserRoles FK_AspNetUserRoles_AspNetRoles_RoleId; Type: FK CONSTRAINT; Schema: public; Owner: -
--

ALTER TABLE ONLY public."AspNetUserRoles"
    ADD CONSTRAINT "FK_AspNetUserRoles_AspNetRoles_RoleId" FOREIGN KEY ("RoleId") REFERENCES public."AspNetRoles"("Id") ON DELETE CASCADE;


--
-- TOC entry 4542 (class 2606 OID 16813)
-- Name: AspNetUserRoles FK_AspNetUserRoles_AspNetUsers_UserId; Type: FK CONSTRAINT; Schema: public; Owner: -
--

ALTER TABLE ONLY public."AspNetUserRoles"
    ADD CONSTRAINT "FK_AspNetUserRoles_AspNetUsers_UserId" FOREIGN KEY ("UserId") REFERENCES public."AspNetUsers"("Id") ON DELETE CASCADE;


--
-- TOC entry 4543 (class 2606 OID 16825)
-- Name: AspNetUserTokens FK_AspNetUserTokens_AspNetUsers_UserId; Type: FK CONSTRAINT; Schema: public; Owner: -
--

ALTER TABLE ONLY public."AspNetUserTokens"
    ADD CONSTRAINT "FK_AspNetUserTokens_AspNetUsers_UserId" FOREIGN KEY ("UserId") REFERENCES public."AspNetUsers"("Id") ON DELETE CASCADE;


--
-- TOC entry 4525 (class 2606 OID 16581)
-- Name: BlogPosts FK_BlogPosts_Users_UserId; Type: FK CONSTRAINT; Schema: public; Owner: -
--

ALTER TABLE ONLY public."BlogPosts"
    ADD CONSTRAINT "FK_BlogPosts_Users_UserId" FOREIGN KEY ("UserId") REFERENCES public."Users"("UserId") ON DELETE CASCADE;


--
-- TOC entry 4521 (class 2606 OID 16511)
-- Name: BoxImages FK_BoxImages_Boxes_BoxId; Type: FK CONSTRAINT; Schema: public; Owner: -
--

ALTER TABLE ONLY public."BoxImages"
    ADD CONSTRAINT "FK_BoxImages_Boxes_BoxId" FOREIGN KEY ("BoxId") REFERENCES public."Boxes"("BoxId") ON DELETE CASCADE;


--
-- TOC entry 4522 (class 2606 OID 16524)
-- Name: BoxItems FK_BoxItems_Boxes_BoxId; Type: FK CONSTRAINT; Schema: public; Owner: -
--

ALTER TABLE ONLY public."BoxItems"
    ADD CONSTRAINT "FK_BoxItems_Boxes_BoxId" FOREIGN KEY ("BoxId") REFERENCES public."Boxes"("BoxId") ON DELETE CASCADE;


--
-- TOC entry 4544 (class 2606 OID 16854)
-- Name: BoxOptions FK_BoxOptions_Boxes_BoxId; Type: FK CONSTRAINT; Schema: public; Owner: -
--

ALTER TABLE ONLY public."BoxOptions"
    ADD CONSTRAINT "FK_BoxOptions_Boxes_BoxId" FOREIGN KEY ("BoxId") REFERENCES public."Boxes"("BoxId") ON DELETE CASCADE;


--
-- TOC entry 4519 (class 2606 OID 16485)
-- Name: Boxes FK_Boxes_Brands_BrandId; Type: FK CONSTRAINT; Schema: public; Owner: -
--

ALTER TABLE ONLY public."Boxes"
    ADD CONSTRAINT "FK_Boxes_Brands_BrandId" FOREIGN KEY ("BrandId") REFERENCES public."Brands"("BrandId") ON DELETE CASCADE;


--
-- TOC entry 4545 (class 2606 OID 17068)
-- Name: CurrentRolledItems FK_CurrentRolledItems_BoxItems_BoxItemId; Type: FK CONSTRAINT; Schema: public; Owner: -
--

ALTER TABLE ONLY public."CurrentRolledItems"
    ADD CONSTRAINT "FK_CurrentRolledItems_BoxItems_BoxItemId" FOREIGN KEY ("BoxItemId") REFERENCES public."BoxItems"("BoxItemId") ON DELETE CASCADE;


--
-- TOC entry 4546 (class 2606 OID 17012)
-- Name: CurrentRolledItems FK_CurrentRolledItems_OnlineSerieBoxes_OnlineSerieBoxId; Type: FK CONSTRAINT; Schema: public; Owner: -
--

ALTER TABLE ONLY public."CurrentRolledItems"
    ADD CONSTRAINT "FK_CurrentRolledItems_OnlineSerieBoxes_OnlineSerieBoxId" FOREIGN KEY ("OnlineSerieBoxId") REFERENCES public."OnlineSerieBoxes"("OnlineSerieBoxId") ON DELETE CASCADE;


--
-- TOC entry 4536 (class 2606 OID 16706)
-- Name: Feedbacks FK_Feedbacks_OrderItems_OrderItemId; Type: FK CONSTRAINT; Schema: public; Owner: -
--

ALTER TABLE ONLY public."Feedbacks"
    ADD CONSTRAINT "FK_Feedbacks_OrderItems_OrderItemId" FOREIGN KEY ("OrderItemId") REFERENCES public."OrderItems"("OrderItemId") ON DELETE CASCADE;


--
-- TOC entry 4537 (class 2606 OID 16711)
-- Name: Feedbacks FK_Feedbacks_Users_UserId; Type: FK CONSTRAINT; Schema: public; Owner: -
--

ALTER TABLE ONLY public."Feedbacks"
    ADD CONSTRAINT "FK_Feedbacks_Users_UserId" FOREIGN KEY ("UserId") REFERENCES public."Users"("UserId") ON DELETE CASCADE;


--
-- TOC entry 4523 (class 2606 OID 17042)
-- Name: OnlineSerieBoxes FK_OnlineSerieBoxes_BoxOptions_OnlineSerieBoxId; Type: FK CONSTRAINT; Schema: public; Owner: -
--

ALTER TABLE ONLY public."OnlineSerieBoxes"
    ADD CONSTRAINT "FK_OnlineSerieBoxes_BoxOptions_OnlineSerieBoxId" FOREIGN KEY ("OnlineSerieBoxId") REFERENCES public."BoxOptions"("BoxOptionId") ON DELETE CASCADE;


--
-- TOC entry 4531 (class 2606 OID 16885)
-- Name: OrderItems FK_OrderItems_BoxOptions_BoxOptionId; Type: FK CONSTRAINT; Schema: public; Owner: -
--

ALTER TABLE ONLY public."OrderItems"
    ADD CONSTRAINT "FK_OrderItems_BoxOptions_BoxOptionId" FOREIGN KEY ("BoxOptionId") REFERENCES public."BoxOptions"("BoxOptionId") ON DELETE CASCADE;


--
-- TOC entry 4532 (class 2606 OID 16676)
-- Name: OrderItems FK_OrderItems_Orders_OrderId; Type: FK CONSTRAINT; Schema: public; Owner: -
--

ALTER TABLE ONLY public."OrderItems"
    ADD CONSTRAINT "FK_OrderItems_Orders_OrderId" FOREIGN KEY ("OrderId") REFERENCES public."Orders"("OrderId") ON DELETE CASCADE;


--
-- TOC entry 4533 (class 2606 OID 17049)
-- Name: OrderItems FK_OrderItems_UserRolledItems_UserRolledItemId; Type: FK CONSTRAINT; Schema: public; Owner: -
--

ALTER TABLE ONLY public."OrderItems"
    ADD CONSTRAINT "FK_OrderItems_UserRolledItems_UserRolledItemId" FOREIGN KEY ("UserRolledItemId") REFERENCES public."UserRolledItems"("UserRolledItemId");


--
-- TOC entry 4534 (class 2606 OID 16688)
-- Name: OrderStatusDetails FK_OrderStatusDetails_OrderStatuses_OrderStatusId; Type: FK CONSTRAINT; Schema: public; Owner: -
--

ALTER TABLE ONLY public."OrderStatusDetails"
    ADD CONSTRAINT "FK_OrderStatusDetails_OrderStatuses_OrderStatusId" FOREIGN KEY ("OrderStatusId") REFERENCES public."OrderStatuses"("OrderStatusId") ON DELETE CASCADE;


--
-- TOC entry 4535 (class 2606 OID 16693)
-- Name: OrderStatusDetails FK_OrderStatusDetails_Orders_OrderId; Type: FK CONSTRAINT; Schema: public; Owner: -
--

ALTER TABLE ONLY public."OrderStatusDetails"
    ADD CONSTRAINT "FK_OrderStatusDetails_Orders_OrderId" FOREIGN KEY ("OrderId") REFERENCES public."Orders"("OrderId") ON DELETE CASCADE;


--
-- TOC entry 4528 (class 2606 OID 17054)
-- Name: Orders FK_Orders_Addresses_AddressId; Type: FK CONSTRAINT; Schema: public; Owner: -
--

ALTER TABLE ONLY public."Orders"
    ADD CONSTRAINT "FK_Orders_Addresses_AddressId" FOREIGN KEY ("AddressId") REFERENCES public."Addresses"("AddressId");


--
-- TOC entry 4529 (class 2606 OID 16640)
-- Name: Orders FK_Orders_Users_UserId; Type: FK CONSTRAINT; Schema: public; Owner: -
--

ALTER TABLE ONLY public."Orders"
    ADD CONSTRAINT "FK_Orders_Users_UserId" FOREIGN KEY ("UserId") REFERENCES public."Users"("UserId") ON DELETE CASCADE;


--
-- TOC entry 4530 (class 2606 OID 17059)
-- Name: Orders FK_Orders_Vouchers_VoucherId; Type: FK CONSTRAINT; Schema: public; Owner: -
--

ALTER TABLE ONLY public."Orders"
    ADD CONSTRAINT "FK_Orders_Vouchers_VoucherId" FOREIGN KEY ("VoucherId") REFERENCES public."Vouchers"("VoucherId");


--
-- TOC entry 4547 (class 2606 OID 17023)
-- Name: UserRolledItems FK_UserRolledItems_BoxItems_BoxItemId; Type: FK CONSTRAINT; Schema: public; Owner: -
--

ALTER TABLE ONLY public."UserRolledItems"
    ADD CONSTRAINT "FK_UserRolledItems_BoxItems_BoxItemId" FOREIGN KEY ("BoxItemId") REFERENCES public."BoxItems"("BoxItemId") ON DELETE CASCADE;


--
-- TOC entry 4548 (class 2606 OID 17028)
-- Name: UserRolledItems FK_UserRolledItems_OnlineSerieBoxes_OnlineSerieBoxId; Type: FK CONSTRAINT; Schema: public; Owner: -
--

ALTER TABLE ONLY public."UserRolledItems"
    ADD CONSTRAINT "FK_UserRolledItems_OnlineSerieBoxes_OnlineSerieBoxId" FOREIGN KEY ("OnlineSerieBoxId") REFERENCES public."OnlineSerieBoxes"("OnlineSerieBoxId") ON DELETE CASCADE;


--
-- TOC entry 4549 (class 2606 OID 17033)
-- Name: UserRolledItems FK_UserRolledItems_Users_UserId; Type: FK CONSTRAINT; Schema: public; Owner: -
--

ALTER TABLE ONLY public."UserRolledItems"
    ADD CONSTRAINT "FK_UserRolledItems_Users_UserId" FOREIGN KEY ("UserId") REFERENCES public."Users"("UserId") ON DELETE CASCADE;


--
-- TOC entry 4526 (class 2606 OID 16602)
-- Name: UserVotedBoxItems FK_UserVotedBoxItems_BoxItems_BoxItemId; Type: FK CONSTRAINT; Schema: public; Owner: -
--

ALTER TABLE ONLY public."UserVotedBoxItems"
    ADD CONSTRAINT "FK_UserVotedBoxItems_BoxItems_BoxItemId" FOREIGN KEY ("BoxItemId") REFERENCES public."BoxItems"("BoxItemId") ON DELETE CASCADE;


--
-- TOC entry 4527 (class 2606 OID 16607)
-- Name: UserVotedBoxItems FK_UserVotedBoxItems_Users_UserId; Type: FK CONSTRAINT; Schema: public; Owner: -
--

ALTER TABLE ONLY public."UserVotedBoxItems"
    ADD CONSTRAINT "FK_UserVotedBoxItems_Users_UserId" FOREIGN KEY ("UserId") REFERENCES public."Users"("UserId") ON DELETE CASCADE;


--
-- TOC entry 4520 (class 2606 OID 16498)
-- Name: Users FK_Users_Roles_RoleId; Type: FK CONSTRAINT; Schema: public; Owner: -
--

ALTER TABLE ONLY public."Users"
    ADD CONSTRAINT "FK_Users_Roles_RoleId" FOREIGN KEY ("RoleId") REFERENCES public."Roles"("RoleId") ON DELETE CASCADE;


-- Completed on 2025-03-29 20:19:06

--
-- PostgreSQL database dump complete
--

